$date
	Sun Oct 12 12:12:44 2025
$end
$version
	Icarus Verilog
$end
$timescale
	1ps
$end
$scope module tb_ul4 $end
$var wire 4 ! Out [3:0] $end
$var reg 4 " A [3:0] $end
$var reg 4 # B [3:0] $end
$var reg 2 $ S [1:0] $end
$var integer 32 % bit [31:0] $end
$var integer 32 & checks [31:0] $end
$var integer 32 ' errors [31:0] $end
$var integer 32 ( i [31:0] $end
$var integer 32 ) j [31:0] $end
$var integer 32 * k [31:0] $end
$scope function expected_cl_bit $end
$var reg 1 + a $end
$var reg 1 , b $end
$var reg 1 - o1 $end
$var reg 1 . o2 $end
$var reg 1 / o3 $end
$var reg 1 0 o4 $end
$var reg 2 1 s [1:0] $end
$upscope $end
$scope module uut $end
$var wire 4 2 A [3:0] $end
$var wire 4 3 B [3:0] $end
$var wire 2 4 S [1:0] $end
$var wire 4 5 Out [3:0] $end
$scope module cl1 $end
$var wire 2 6 S [1:0] $end
$var wire 1 7 a $end
$var wire 1 8 b $end
$var wire 1 9 o1 $end
$var wire 1 : o2 $end
$var wire 1 ; o3 $end
$var wire 1 < o4 $end
$var wire 1 = out $end
$scope module mux1 $end
$var wire 2 > S [1:0] $end
$var wire 1 9 a $end
$var wire 1 : b $end
$var wire 1 ; c $end
$var wire 1 < d $end
$var reg 1 = out $end
$upscope $end
$upscope $end
$scope module cl2 $end
$var wire 2 ? S [1:0] $end
$var wire 1 @ a $end
$var wire 1 A b $end
$var wire 1 B o1 $end
$var wire 1 C o2 $end
$var wire 1 D o3 $end
$var wire 1 E o4 $end
$var wire 1 F out $end
$scope module mux1 $end
$var wire 2 G S [1:0] $end
$var wire 1 B a $end
$var wire 1 C b $end
$var wire 1 D c $end
$var wire 1 E d $end
$var reg 1 F out $end
$upscope $end
$upscope $end
$scope module cl3 $end
$var wire 2 H S [1:0] $end
$var wire 1 I a $end
$var wire 1 J b $end
$var wire 1 K o1 $end
$var wire 1 L o2 $end
$var wire 1 M o3 $end
$var wire 1 N o4 $end
$var wire 1 O out $end
$scope module mux1 $end
$var wire 2 P S [1:0] $end
$var wire 1 K a $end
$var wire 1 L b $end
$var wire 1 M c $end
$var wire 1 N d $end
$var reg 1 O out $end
$upscope $end
$upscope $end
$scope module cl4 $end
$var wire 2 Q S [1:0] $end
$var wire 1 R a $end
$var wire 1 S b $end
$var wire 1 T o1 $end
$var wire 1 U o2 $end
$var wire 1 V o3 $end
$var wire 1 W o4 $end
$var wire 1 X out $end
$scope module mux1 $end
$var wire 2 Y S [1:0] $end
$var wire 1 T a $end
$var wire 1 U b $end
$var wire 1 V c $end
$var wire 1 W d $end
$var reg 1 X out $end
$upscope $end
$upscope $end
$upscope $end
$upscope $end
$enddefinitions $end
$comment Show the parameter values. $end
$dumpall
$end
#0
$dumpvars
b0 Y
0X
1W
0V
0U
0T
0S
0R
b0 Q
b0 P
0O
1N
0M
0L
0K
0J
0I
b0 H
b0 G
0F
1E
0D
0C
0B
0A
0@
b0 ?
b0 >
0=
1<
0;
0:
09
08
07
b0 6
b0 5
b0 4
b0 3
b0 2
bx 1
x0
x/
x.
x-
x,
x+
b0 *
b0 )
b0 (
b0 '
b0 &
bx %
b0 $
b0 #
b0 "
b0 !
$end
#1000
b1 $
b1 4
b1 6
b1 >
b1 ?
b1 G
b1 H
b1 P
b1 Q
b1 Y
b1 *
10
0/
0.
0-
0+
0,
b0 1
b100 &
b100 %
#2000
b10 $
b10 4
b10 6
b10 >
b10 ?
b10 G
b10 H
b10 P
b10 Q
b10 Y
b10 *
b1 1
b1000 &
b100 %
#3000
1=
1F
1O
b1111 !
b1111 5
1X
b11 $
b11 4
b11 6
b11 >
b11 ?
b11 G
b11 H
b11 P
b11 Q
b11 Y
b11 *
b10 1
b1100 &
b100 %
#4000
1:
1;
0=
0F
0O
b0 !
b0 5
0X
18
b0 $
b0 4
b0 6
b0 >
b0 ?
b0 G
b0 H
b0 P
b0 Q
b0 Y
b1 #
b1 3
b1 )
b0 *
b11 1
b10000 &
b100 %
#5000
b1 !
b1 5
1=
b1 $
b1 4
b1 6
b1 >
b1 ?
b1 G
b1 H
b1 P
b1 Q
b1 Y
b1 *
0/
0.
0,
b0 1
b10100 &
b100 %
#6000
b10 $
b10 4
b10 6
b10 >
b10 ?
b10 G
b10 H
b10 P
b10 Q
b10 Y
b10 *
0/
0.
0,
b1 1
b11000 &
b100 %
#7000
1F
1O
b1111 !
b1111 5
1X
b11 $
b11 4
b11 6
b11 >
b11 ?
b11 G
b11 H
b11 P
b11 Q
b11 Y
b11 *
0/
0.
0,
b10 1
b11100 &
b100 %
#8000
0:
0;
1C
1D
0=
0F
0O
b0 !
b0 5
0X
08
1A
b0 $
b0 4
b0 6
b0 >
b0 ?
b0 G
b0 H
b0 P
b0 Q
b0 Y
b10 #
b10 3
b10 )
b0 *
0/
0.
0,
b11 1
b100000 &
b100 %
#9000
b10 !
b10 5
1F
b1 $
b1 4
b1 6
b1 >
b1 ?
b1 G
b1 H
b1 P
b1 Q
b1 Y
b1 *
0/
0.
0,
b0 1
b100100 &
b100 %
#10000
b10 $
b10 4
b10 6
b10 >
b10 ?
b10 G
b10 H
b10 P
b10 Q
b10 Y
b10 *
0/
0.
0,
b1 1
b101000 &
b100 %
#11000
1=
1O
b1111 !
b1111 5
1X
b11 $
b11 4
b11 6
b11 >
b11 ?
b11 G
b11 H
b11 P
b11 Q
b11 Y
b11 *
0/
0.
0,
b10 1
b101100 &
b100 %
#12000
1:
1;
0=
0F
0O
b0 !
b0 5
0X
18
b0 $
b0 4
b0 6
b0 >
b0 ?
b0 G
b0 H
b0 P
b0 Q
b0 Y
b11 #
b11 3
b11 )
b0 *
0/
0.
0,
b11 1
b110000 &
b100 %
#13000
1=
b11 !
b11 5
1F
b1 $
b1 4
b1 6
b1 >
b1 ?
b1 G
b1 H
b1 P
b1 Q
b1 Y
b1 *
0/
0.
0,
b0 1
b110100 &
b100 %
#14000
b10 $
b10 4
b10 6
b10 >
b10 ?
b10 G
b10 H
b10 P
b10 Q
b10 Y
b10 *
0/
0.
0,
b1 1
b111000 &
b100 %
#15000
1O
b1111 !
b1111 5
1X
b11 $
b11 4
b11 6
b11 >
b11 ?
b11 G
b11 H
b11 P
b11 Q
b11 Y
b11 *
0/
0.
0,
b10 1
b111100 &
b100 %
#16000
0:
0;
0C
0D
1L
1M
0=
0F
0O
b0 !
b0 5
0X
08
0A
1J
b0 $
b0 4
b0 6
b0 >
b0 ?
b0 G
b0 H
b0 P
b0 Q
b0 Y
b100 #
b100 3
b100 )
b0 *
0/
0.
0,
b11 1
b1000000 &
b100 %
#17000
b100 !
b100 5
1O
b1 $
b1 4
b1 6
b1 >
b1 ?
b1 G
b1 H
b1 P
b1 Q
b1 Y
b1 *
0/
0.
0,
b0 1
b1000100 &
b100 %
#18000
b10 $
b10 4
b10 6
b10 >
b10 ?
b10 G
b10 H
b10 P
b10 Q
b10 Y
b10 *
0/
0.
0,
b1 1
b1001000 &
b100 %
#19000
1=
1F
b1111 !
b1111 5
1X
b11 $
b11 4
b11 6
b11 >
b11 ?
b11 G
b11 H
b11 P
b11 Q
b11 Y
b11 *
0/
0.
0,
b10 1
b1001100 &
b100 %
#20000
1:
1;
0=
0F
0O
b0 !
b0 5
0X
18
b0 $
b0 4
b0 6
b0 >
b0 ?
b0 G
b0 H
b0 P
b0 Q
b0 Y
b101 #
b101 3
b101 )
b0 *
0/
0.
0,
b11 1
b1010000 &
b100 %
#21000
1=
b101 !
b101 5
1O
b1 $
b1 4
b1 6
b1 >
b1 ?
b1 G
b1 H
b1 P
b1 Q
b1 Y
b1 *
0/
0.
0,
b0 1
b1010100 &
b100 %
#22000
b10 $
b10 4
b10 6
b10 >
b10 ?
b10 G
b10 H
b10 P
b10 Q
b10 Y
b10 *
0/
0.
0,
b1 1
b1011000 &
b100 %
#23000
1F
b1111 !
b1111 5
1X
b11 $
b11 4
b11 6
b11 >
b11 ?
b11 G
b11 H
b11 P
b11 Q
b11 Y
b11 *
0/
0.
0,
b10 1
b1011100 &
b100 %
#24000
0:
0;
1C
1D
0=
0F
0O
b0 !
b0 5
0X
08
1A
b0 $
b0 4
b0 6
b0 >
b0 ?
b0 G
b0 H
b0 P
b0 Q
b0 Y
b110 #
b110 3
b110 )
b0 *
0/
0.
0,
b11 1
b1100000 &
b100 %
#25000
1F
b110 !
b110 5
1O
b1 $
b1 4
b1 6
b1 >
b1 ?
b1 G
b1 H
b1 P
b1 Q
b1 Y
b1 *
0/
0.
0,
b0 1
b1100100 &
b100 %
#26000
b10 $
b10 4
b10 6
b10 >
b10 ?
b10 G
b10 H
b10 P
b10 Q
b10 Y
b10 *
0/
0.
0,
b1 1
b1101000 &
b100 %
#27000
1=
b1111 !
b1111 5
1X
b11 $
b11 4
b11 6
b11 >
b11 ?
b11 G
b11 H
b11 P
b11 Q
b11 Y
b11 *
0/
0.
0,
b10 1
b1101100 &
b100 %
#28000
1:
1;
0=
0F
0O
b0 !
b0 5
0X
18
b0 $
b0 4
b0 6
b0 >
b0 ?
b0 G
b0 H
b0 P
b0 Q
b0 Y
b111 #
b111 3
b111 )
b0 *
0/
0.
0,
b11 1
b1110000 &
b100 %
#29000
1=
1F
b111 !
b111 5
1O
b1 $
b1 4
b1 6
b1 >
b1 ?
b1 G
b1 H
b1 P
b1 Q
b1 Y
b1 *
0/
0.
0,
b0 1
b1110100 &
b100 %
#30000
b10 $
b10 4
b10 6
b10 >
b10 ?
b10 G
b10 H
b10 P
b10 Q
b10 Y
b10 *
0/
0.
0,
b1 1
b1111000 &
b100 %
#31000
b1111 !
b1111 5
1X
b11 $
b11 4
b11 6
b11 >
b11 ?
b11 G
b11 H
b11 P
b11 Q
b11 Y
b11 *
0/
0.
0,
b10 1
b1111100 &
b100 %
#32000
0:
0;
0C
0D
0L
0M
1U
1V
0=
0F
0O
b0 !
b0 5
0X
08
0A
0J
1S
b0 $
b0 4
b0 6
b0 >
b0 ?
b0 G
b0 H
b0 P
b0 Q
b0 Y
b1000 #
b1000 3
b1000 )
b0 *
0/
0.
0,
b11 1
b10000000 &
b100 %
#33000
b1000 !
b1000 5
1X
b1 $
b1 4
b1 6
b1 >
b1 ?
b1 G
b1 H
b1 P
b1 Q
b1 Y
b1 *
1/
1.
1,
b0 1
b10000100 &
b100 %
#34000
b10 $
b10 4
b10 6
b10 >
b10 ?
b10 G
b10 H
b10 P
b10 Q
b10 Y
b10 *
1/
1.
1,
b1 1
b10001000 &
b100 %
#35000
1=
1F
b1111 !
b1111 5
1O
b11 $
b11 4
b11 6
b11 >
b11 ?
b11 G
b11 H
b11 P
b11 Q
b11 Y
b11 *
1/
1.
1,
b10 1
b10001100 &
b100 %
#36000
1:
1;
0=
0F
0O
b0 !
b0 5
0X
18
b0 $
b0 4
b0 6
b0 >
b0 ?
b0 G
b0 H
b0 P
b0 Q
b0 Y
b1001 #
b1001 3
b1001 )
b0 *
1/
1.
1,
b11 1
b10010000 &
b100 %
#37000
1=
b1001 !
b1001 5
1X
b1 $
b1 4
b1 6
b1 >
b1 ?
b1 G
b1 H
b1 P
b1 Q
b1 Y
b1 *
1/
1.
1,
b0 1
b10010100 &
b100 %
#38000
b10 $
b10 4
b10 6
b10 >
b10 ?
b10 G
b10 H
b10 P
b10 Q
b10 Y
b10 *
1/
1.
1,
b1 1
b10011000 &
b100 %
#39000
1F
b1111 !
b1111 5
1O
b11 $
b11 4
b11 6
b11 >
b11 ?
b11 G
b11 H
b11 P
b11 Q
b11 Y
b11 *
1/
1.
1,
b10 1
b10011100 &
b100 %
#40000
0:
0;
1C
1D
0=
0F
0O
b0 !
b0 5
0X
08
1A
b0 $
b0 4
b0 6
b0 >
b0 ?
b0 G
b0 H
b0 P
b0 Q
b0 Y
b1010 #
b1010 3
b1010 )
b0 *
1/
1.
1,
b11 1
b10100000 &
b100 %
#41000
1F
b1010 !
b1010 5
1X
b1 $
b1 4
b1 6
b1 >
b1 ?
b1 G
b1 H
b1 P
b1 Q
b1 Y
b1 *
1/
1.
1,
b0 1
b10100100 &
b100 %
#42000
b10 $
b10 4
b10 6
b10 >
b10 ?
b10 G
b10 H
b10 P
b10 Q
b10 Y
b10 *
1/
1.
1,
b1 1
b10101000 &
b100 %
#43000
1=
b1111 !
b1111 5
1O
b11 $
b11 4
b11 6
b11 >
b11 ?
b11 G
b11 H
b11 P
b11 Q
b11 Y
b11 *
1/
1.
1,
b10 1
b10101100 &
b100 %
#44000
1:
1;
0=
0F
0O
b0 !
b0 5
0X
18
b0 $
b0 4
b0 6
b0 >
b0 ?
b0 G
b0 H
b0 P
b0 Q
b0 Y
b1011 #
b1011 3
b1011 )
b0 *
1/
1.
1,
b11 1
b10110000 &
b100 %
#45000
1=
1F
b1011 !
b1011 5
1X
b1 $
b1 4
b1 6
b1 >
b1 ?
b1 G
b1 H
b1 P
b1 Q
b1 Y
b1 *
1/
1.
1,
b0 1
b10110100 &
b100 %
#46000
b10 $
b10 4
b10 6
b10 >
b10 ?
b10 G
b10 H
b10 P
b10 Q
b10 Y
b10 *
1/
1.
1,
b1 1
b10111000 &
b100 %
#47000
b1111 !
b1111 5
1O
b11 $
b11 4
b11 6
b11 >
b11 ?
b11 G
b11 H
b11 P
b11 Q
b11 Y
b11 *
1/
1.
1,
b10 1
b10111100 &
b100 %
#48000
0:
0;
0C
0D
1L
1M
0=
0F
0O
b0 !
b0 5
0X
08
0A
1J
b0 $
b0 4
b0 6
b0 >
b0 ?
b0 G
b0 H
b0 P
b0 Q
b0 Y
b1100 #
b1100 3
b1100 )
b0 *
1/
1.
1,
b11 1
b11000000 &
b100 %
#49000
1O
b1100 !
b1100 5
1X
b1 $
b1 4
b1 6
b1 >
b1 ?
b1 G
b1 H
b1 P
b1 Q
b1 Y
b1 *
1/
1.
1,
b0 1
b11000100 &
b100 %
#50000
b10 $
b10 4
b10 6
b10 >
b10 ?
b10 G
b10 H
b10 P
b10 Q
b10 Y
b10 *
1/
1.
1,
b1 1
b11001000 &
b100 %
#51000
1=
b1111 !
b1111 5
1F
b11 $
b11 4
b11 6
b11 >
b11 ?
b11 G
b11 H
b11 P
b11 Q
b11 Y
b11 *
1/
1.
1,
b10 1
b11001100 &
b100 %
#52000
1:
1;
0=
0F
0O
b0 !
b0 5
0X
18
b0 $
b0 4
b0 6
b0 >
b0 ?
b0 G
b0 H
b0 P
b0 Q
b0 Y
b1101 #
b1101 3
b1101 )
b0 *
1/
1.
1,
b11 1
b11010000 &
b100 %
#53000
1=
1O
b1101 !
b1101 5
1X
b1 $
b1 4
b1 6
b1 >
b1 ?
b1 G
b1 H
b1 P
b1 Q
b1 Y
b1 *
1/
1.
1,
b0 1
b11010100 &
b100 %
#54000
b10 $
b10 4
b10 6
b10 >
b10 ?
b10 G
b10 H
b10 P
b10 Q
b10 Y
b10 *
1/
1.
1,
b1 1
b11011000 &
b100 %
#55000
b1111 !
b1111 5
1F
b11 $
b11 4
b11 6
b11 >
b11 ?
b11 G
b11 H
b11 P
b11 Q
b11 Y
b11 *
1/
1.
1,
b10 1
b11011100 &
b100 %
#56000
0:
0;
1C
1D
0=
0F
0O
b0 !
b0 5
0X
08
1A
b0 $
b0 4
b0 6
b0 >
b0 ?
b0 G
b0 H
b0 P
b0 Q
b0 Y
b1110 #
b1110 3
b1110 )
b0 *
1/
1.
1,
b11 1
b11100000 &
b100 %
#57000
1F
1O
b1110 !
b1110 5
1X
b1 $
b1 4
b1 6
b1 >
b1 ?
b1 G
b1 H
b1 P
b1 Q
b1 Y
b1 *
1/
1.
1,
b0 1
b11100100 &
b100 %
#58000
b10 $
b10 4
b10 6
b10 >
b10 ?
b10 G
b10 H
b10 P
b10 Q
b10 Y
b10 *
1/
1.
1,
b1 1
b11101000 &
b100 %
#59000
b1111 !
b1111 5
1=
b11 $
b11 4
b11 6
b11 >
b11 ?
b11 G
b11 H
b11 P
b11 Q
b11 Y
b11 *
1/
1.
1,
b10 1
b11101100 &
b100 %
#60000
1:
1;
0=
0F
0O
b0 !
b0 5
0X
18
b0 $
b0 4
b0 6
b0 >
b0 ?
b0 G
b0 H
b0 P
b0 Q
b0 Y
b1111 #
b1111 3
b1111 )
b0 *
1/
1.
1,
b11 1
b11110000 &
b100 %
#61000
1=
1F
1O
b1111 !
b1111 5
1X
b1 $
b1 4
b1 6
b1 >
b1 ?
b1 G
b1 H
b1 P
b1 Q
b1 Y
b1 *
b0 1
b11110100 &
b100 %
#62000
b10 $
b10 4
b10 6
b10 >
b10 ?
b10 G
b10 H
b10 P
b10 Q
b10 Y
b10 *
b1 1
b11111000 &
b100 %
#63000
b11 $
b11 4
b11 6
b11 >
b11 ?
b11 G
b11 H
b11 P
b11 Q
b11 Y
b11 *
b10 1
b11111100 &
b100 %
#64000
0C
0D
0L
0M
0U
0V
0<
0=
0F
0O
b0 !
b0 5
0X
08
0A
0J
0S
17
b0 $
b0 4
b0 6
b0 >
b0 ?
b0 G
b0 H
b0 P
b0 Q
b0 Y
b0 #
b0 3
b1 "
b1 2
b1 (
b0 )
b0 *
b11 1
b100000000 &
b100 %
#65000
b1 !
b1 5
1=
b1 $
b1 4
b1 6
b1 >
b1 ?
b1 G
b1 H
b1 P
b1 Q
b1 Y
b1 *
0/
0.
10
0+
0,
b0 1
b100000100 &
b100 %
#66000
b10 $
b10 4
b10 6
b10 >
b10 ?
b10 G
b10 H
b10 P
b10 Q
b10 Y
b10 *
10
0/
0.
0+
b1 1
b100001000 &
b100 %
#67000
0=
1F
1O
b1110 !
b1110 5
1X
b11 $
b11 4
b11 6
b11 >
b11 ?
b11 G
b11 H
b11 P
b11 Q
b11 Y
b11 *
10
0/
0.
0+
b10 1
b100001100 &
b100 %
#68000
1=
19
0;
0F
0O
b1 !
b1 5
0X
18
b0 $
b0 4
b0 6
b0 >
b0 ?
b0 G
b0 H
b0 P
b0 Q
b0 Y
b1 #
b1 3
b1 )
b0 *
10
0/
0.
0+
b11 1
b100010000 &
b100 %
#69000
b1 $
b1 4
b1 6
b1 >
b1 ?
b1 G
b1 H
b1 P
b1 Q
b1 Y
b1 *
10
0.
0-
0+
0,
b0 1
b100010100 &
b100 %
#70000
b0 !
b0 5
0=
b10 $
b10 4
b10 6
b10 >
b10 ?
b10 G
b10 H
b10 P
b10 Q
b10 Y
b10 *
10
0.
0-
0+
0,
b1 1
b100011000 &
b100 %
#71000
1F
1O
b1110 !
b1110 5
1X
b11 $
b11 4
b11 6
b11 >
b11 ?
b11 G
b11 H
b11 P
b11 Q
b11 Y
b11 *
10
0.
0-
0+
0,
b10 1
b100011100 &
b100 %
#72000
09
1;
1C
1D
0=
0F
0O
b0 !
b0 5
0X
08
1A
b0 $
b0 4
b0 6
b0 >
b0 ?
b0 G
b0 H
b0 P
b0 Q
b0 Y
b10 #
b10 3
b10 )
b0 *
10
0.
0-
0+
0,
b11 1
b100100000 &
b100 %
#73000
1=
b11 !
b11 5
1F
b1 $
b1 4
b1 6
b1 >
b1 ?
b1 G
b1 H
b1 P
b1 Q
b1 Y
b1 *
0,
10
0/
0.
0+
b0 1
b100100100 &
b100 %
#74000
b10 $
b10 4
b10 6
b10 >
b10 ?
b10 G
b10 H
b10 P
b10 Q
b10 Y
b10 *
0,
10
0/
0.
0+
b1 1
b100101000 &
b100 %
#75000
0=
1O
b1110 !
b1110 5
1X
b11 $
b11 4
b11 6
b11 >
b11 ?
b11 G
b11 H
b11 P
b11 Q
b11 Y
b11 *
0,
10
0/
0.
0+
b10 1
b100101100 &
b100 %
#76000
1=
19
0;
0F
0O
b1 !
b1 5
0X
18
b0 $
b0 4
b0 6
b0 >
b0 ?
b0 G
b0 H
b0 P
b0 Q
b0 Y
b11 #
b11 3
b11 )
b0 *
0,
10
0/
0.
0+
b11 1
b100110000 &
b100 %
#77000
b11 !
b11 5
1F
b1 $
b1 4
b1 6
b1 >
b1 ?
b1 G
b1 H
b1 P
b1 Q
b1 Y
b1 *
0/
10
0.
0-
0+
0,
b0 1
b100110100 &
b100 %
#78000
b10 !
b10 5
0=
b10 $
b10 4
b10 6
b10 >
b10 ?
b10 G
b10 H
b10 P
b10 Q
b10 Y
b10 *
0/
10
0.
0-
0+
0,
b1 1
b100111000 &
b100 %
#79000
1O
b1110 !
b1110 5
1X
b11 $
b11 4
b11 6
b11 >
b11 ?
b11 G
b11 H
b11 P
b11 Q
b11 Y
b11 *
0/
10
0.
0-
0+
0,
b10 1
b100111100 &
b100 %
#80000
09
1;
0C
0D
1L
1M
0=
0F
0O
b0 !
b0 5
0X
08
0A
1J
b0 $
b0 4
b0 6
b0 >
b0 ?
b0 G
b0 H
b0 P
b0 Q
b0 Y
b100 #
b100 3
b100 )
b0 *
0/
10
0.
0-
0+
0,
b11 1
b101000000 &
b100 %
#81000
1=
b101 !
b101 5
1O
b1 $
b1 4
b1 6
b1 >
b1 ?
b1 G
b1 H
b1 P
b1 Q
b1 Y
b1 *
0,
10
0/
0.
0+
b0 1
b101000100 &
b100 %
#82000
b10 $
b10 4
b10 6
b10 >
b10 ?
b10 G
b10 H
b10 P
b10 Q
b10 Y
b10 *
0,
10
0/
0.
0+
b1 1
b101001000 &
b100 %
#83000
0=
1F
b1110 !
b1110 5
1X
b11 $
b11 4
b11 6
b11 >
b11 ?
b11 G
b11 H
b11 P
b11 Q
b11 Y
b11 *
0,
10
0/
0.
0+
b10 1
b101001100 &
b100 %
#84000
1=
19
0;
0F
0O
b1 !
b1 5
0X
18
b0 $
b0 4
b0 6
b0 >
b0 ?
b0 G
b0 H
b0 P
b0 Q
b0 Y
b101 #
b101 3
b101 )
b0 *
0,
10
0/
0.
0+
b11 1
b101010000 &
b100 %
#85000
b101 !
b101 5
1O
b1 $
b1 4
b1 6
b1 >
b1 ?
b1 G
b1 H
b1 P
b1 Q
b1 Y
b1 *
0/
10
0.
0-
0+
0,
b0 1
b101010100 &
b100 %
#86000
b100 !
b100 5
0=
b10 $
b10 4
b10 6
b10 >
b10 ?
b10 G
b10 H
b10 P
b10 Q
b10 Y
b10 *
0/
10
0.
0-
0+
0,
b1 1
b101011000 &
b100 %
#87000
1F
b1110 !
b1110 5
1X
b11 $
b11 4
b11 6
b11 >
b11 ?
b11 G
b11 H
b11 P
b11 Q
b11 Y
b11 *
0/
10
0.
0-
0+
0,
b10 1
b101011100 &
b100 %
#88000
09
1;
1C
1D
0=
0F
0O
b0 !
b0 5
0X
08
1A
b0 $
b0 4
b0 6
b0 >
b0 ?
b0 G
b0 H
b0 P
b0 Q
b0 Y
b110 #
b110 3
b110 )
b0 *
0/
10
0.
0-
0+
0,
b11 1
b101100000 &
b100 %
#89000
1=
1F
b111 !
b111 5
1O
b1 $
b1 4
b1 6
b1 >
b1 ?
b1 G
b1 H
b1 P
b1 Q
b1 Y
b1 *
0,
10
0/
0.
0+
b0 1
b101100100 &
b100 %
#90000
b10 $
b10 4
b10 6
b10 >
b10 ?
b10 G
b10 H
b10 P
b10 Q
b10 Y
b10 *
0,
10
0/
0.
0+
b1 1
b101101000 &
b100 %
#91000
0=
b1110 !
b1110 5
1X
b11 $
b11 4
b11 6
b11 >
b11 ?
b11 G
b11 H
b11 P
b11 Q
b11 Y
b11 *
0,
10
0/
0.
0+
b10 1
b101101100 &
b100 %
#92000
1=
19
0;
0F
0O
b1 !
b1 5
0X
18
b0 $
b0 4
b0 6
b0 >
b0 ?
b0 G
b0 H
b0 P
b0 Q
b0 Y
b111 #
b111 3
b111 )
b0 *
0,
10
0/
0.
0+
b11 1
b101110000 &
b100 %
#93000
1F
b111 !
b111 5
1O
b1 $
b1 4
b1 6
b1 >
b1 ?
b1 G
b1 H
b1 P
b1 Q
b1 Y
b1 *
0/
10
0.
0-
0+
0,
b0 1
b101110100 &
b100 %
#94000
b110 !
b110 5
0=
b10 $
b10 4
b10 6
b10 >
b10 ?
b10 G
b10 H
b10 P
b10 Q
b10 Y
b10 *
0/
10
0.
0-
0+
0,
b1 1
b101111000 &
b100 %
#95000
b1110 !
b1110 5
1X
b11 $
b11 4
b11 6
b11 >
b11 ?
b11 G
b11 H
b11 P
b11 Q
b11 Y
b11 *
0/
10
0.
0-
0+
0,
b10 1
b101111100 &
b100 %
#96000
09
1;
0C
0D
0L
0M
1U
1V
0=
0F
0O
b0 !
b0 5
0X
08
0A
0J
1S
b0 $
b0 4
b0 6
b0 >
b0 ?
b0 G
b0 H
b0 P
b0 Q
b0 Y
b1000 #
b1000 3
b1000 )
b0 *
0/
10
0.
0-
0+
0,
b11 1
b110000000 &
b100 %
#97000
1=
b1001 !
b1001 5
1X
b1 $
b1 4
b1 6
b1 >
b1 ?
b1 G
b1 H
b1 P
b1 Q
b1 Y
b1 *
1,
10
1/
1.
0+
b0 1
b110000100 &
b100 %
#98000
b10 $
b10 4
b10 6
b10 >
b10 ?
b10 G
b10 H
b10 P
b10 Q
b10 Y
b10 *
1/
1.
10
0+
1,
b1 1
b110001000 &
b100 %
#99000
0=
1F
b1110 !
b1110 5
1O
b11 $
b11 4
b11 6
b11 >
b11 ?
b11 G
b11 H
b11 P
b11 Q
b11 Y
b11 *
1/
1.
10
0+
1,
b10 1
b110001100 &
b100 %
#100000
1=
19
0;
0F
0O
b1 !
b1 5
0X
18
b0 $
b0 4
b0 6
b0 >
b0 ?
b0 G
b0 H
b0 P
b0 Q
b0 Y
b1001 #
b1001 3
b1001 )
b0 *
1/
1.
10
0+
1,
b11 1
b110010000 &
b100 %
#101000
b1001 !
b1001 5
1X
b1 $
b1 4
b1 6
b1 >
b1 ?
b1 G
b1 H
b1 P
b1 Q
b1 Y
b1 *
1.
1,
10
1/
0-
0+
b0 1
b110010100 &
b100 %
#102000
b1000 !
b1000 5
0=
b10 $
b10 4
b10 6
b10 >
b10 ?
b10 G
b10 H
b10 P
b10 Q
b10 Y
b10 *
1.
1,
10
1/
0-
0+
b1 1
b110011000 &
b100 %
#103000
1F
b1110 !
b1110 5
1O
b11 $
b11 4
b11 6
b11 >
b11 ?
b11 G
b11 H
b11 P
b11 Q
b11 Y
b11 *
1.
1,
10
1/
0-
0+
b10 1
b110011100 &
b100 %
#104000
09
1;
1C
1D
0=
0F
0O
b0 !
b0 5
0X
08
1A
b0 $
b0 4
b0 6
b0 >
b0 ?
b0 G
b0 H
b0 P
b0 Q
b0 Y
b1010 #
b1010 3
b1010 )
b0 *
1.
1,
10
1/
0-
0+
b11 1
b110100000 &
b100 %
#105000
1=
1F
b1011 !
b1011 5
1X
b1 $
b1 4
b1 6
b1 >
b1 ?
b1 G
b1 H
b1 P
b1 Q
b1 Y
b1 *
1/
1.
10
0+
1,
b0 1
b110100100 &
b100 %
#106000
b10 $
b10 4
b10 6
b10 >
b10 ?
b10 G
b10 H
b10 P
b10 Q
b10 Y
b10 *
1/
1.
10
0+
1,
b1 1
b110101000 &
b100 %
#107000
0=
b1110 !
b1110 5
1O
b11 $
b11 4
b11 6
b11 >
b11 ?
b11 G
b11 H
b11 P
b11 Q
b11 Y
b11 *
1/
1.
10
0+
1,
b10 1
b110101100 &
b100 %
#108000
1=
19
0;
0F
0O
b1 !
b1 5
0X
18
b0 $
b0 4
b0 6
b0 >
b0 ?
b0 G
b0 H
b0 P
b0 Q
b0 Y
b1011 #
b1011 3
b1011 )
b0 *
1/
1.
10
0+
1,
b11 1
b110110000 &
b100 %
#109000
1F
b1011 !
b1011 5
1X
b1 $
b1 4
b1 6
b1 >
b1 ?
b1 G
b1 H
b1 P
b1 Q
b1 Y
b1 *
1.
1,
10
1/
0-
0+
b0 1
b110110100 &
b100 %
#110000
b1010 !
b1010 5
0=
b10 $
b10 4
b10 6
b10 >
b10 ?
b10 G
b10 H
b10 P
b10 Q
b10 Y
b10 *
1.
1,
10
1/
0-
0+
b1 1
b110111000 &
b100 %
#111000
b1110 !
b1110 5
1O
b11 $
b11 4
b11 6
b11 >
b11 ?
b11 G
b11 H
b11 P
b11 Q
b11 Y
b11 *
1.
1,
10
1/
0-
0+
b10 1
b110111100 &
b100 %
#112000
09
1;
0C
0D
1L
1M
0=
0F
0O
b0 !
b0 5
0X
08
0A
1J
b0 $
b0 4
b0 6
b0 >
b0 ?
b0 G
b0 H
b0 P
b0 Q
b0 Y
b1100 #
b1100 3
b1100 )
b0 *
1.
1,
10
1/
0-
0+
b11 1
b111000000 &
b100 %
#113000
1=
1O
b1101 !
b1101 5
1X
b1 $
b1 4
b1 6
b1 >
b1 ?
b1 G
b1 H
b1 P
b1 Q
b1 Y
b1 *
1/
1.
10
0+
1,
b0 1
b111000100 &
b100 %
#114000
b10 $
b10 4
b10 6
b10 >
b10 ?
b10 G
b10 H
b10 P
b10 Q
b10 Y
b10 *
1/
1.
10
0+
1,
b1 1
b111001000 &
b100 %
#115000
0=
b1110 !
b1110 5
1F
b11 $
b11 4
b11 6
b11 >
b11 ?
b11 G
b11 H
b11 P
b11 Q
b11 Y
b11 *
1/
1.
10
0+
1,
b10 1
b111001100 &
b100 %
#116000
1=
19
0;
0F
0O
b1 !
b1 5
0X
18
b0 $
b0 4
b0 6
b0 >
b0 ?
b0 G
b0 H
b0 P
b0 Q
b0 Y
b1101 #
b1101 3
b1101 )
b0 *
1/
1.
10
0+
1,
b11 1
b111010000 &
b100 %
#117000
1O
b1101 !
b1101 5
1X
b1 $
b1 4
b1 6
b1 >
b1 ?
b1 G
b1 H
b1 P
b1 Q
b1 Y
b1 *
1.
1,
10
1/
0-
0+
b0 1
b111010100 &
b100 %
#118000
b1100 !
b1100 5
0=
b10 $
b10 4
b10 6
b10 >
b10 ?
b10 G
b10 H
b10 P
b10 Q
b10 Y
b10 *
1.
1,
10
1/
0-
0+
b1 1
b111011000 &
b100 %
#119000
b1110 !
b1110 5
1F
b11 $
b11 4
b11 6
b11 >
b11 ?
b11 G
b11 H
b11 P
b11 Q
b11 Y
b11 *
1.
1,
10
1/
0-
0+
b10 1
b111011100 &
b100 %
#120000
09
1;
1C
1D
0=
0F
0O
b0 !
b0 5
0X
08
1A
b0 $
b0 4
b0 6
b0 >
b0 ?
b0 G
b0 H
b0 P
b0 Q
b0 Y
b1110 #
b1110 3
b1110 )
b0 *
1.
1,
10
1/
0-
0+
b11 1
b111100000 &
b100 %
#121000
1=
1F
1O
b1111 !
b1111 5
1X
b1 $
b1 4
b1 6
b1 >
b1 ?
b1 G
b1 H
b1 P
b1 Q
b1 Y
b1 *
10
0+
1,
b0 1
b111100100 &
b100 %
#122000
b10 $
b10 4
b10 6
b10 >
b10 ?
b10 G
b10 H
b10 P
b10 Q
b10 Y
b10 *
10
0+
1,
b1 1
b111101000 &
b100 %
#123000
b1110 !
b1110 5
0=
b11 $
b11 4
b11 6
b11 >
b11 ?
b11 G
b11 H
b11 P
b11 Q
b11 Y
b11 *
10
0+
1,
b10 1
b111101100 &
b100 %
#124000
1=
19
0;
0F
0O
b1 !
b1 5
0X
18
b0 $
b0 4
b0 6
b0 >
b0 ?
b0 G
b0 H
b0 P
b0 Q
b0 Y
b1111 #
b1111 3
b1111 )
b0 *
10
0+
1,
b11 1
b111110000 &
b100 %
#125000
1F
1O
b1111 !
b1111 5
1X
b1 $
b1 4
b1 6
b1 >
b1 ?
b1 G
b1 H
b1 P
b1 Q
b1 Y
b1 *
10
1/
0-
0+
b0 1
b111110100 &
b100 %
#126000
b1110 !
b1110 5
0=
b10 $
b10 4
b10 6
b10 >
b10 ?
b10 G
b10 H
b10 P
b10 Q
b10 Y
b10 *
10
1/
0-
0+
b1 1
b111111000 &
b100 %
#127000
b11 $
b11 4
b11 6
b11 >
b11 ?
b11 G
b11 H
b11 P
b11 Q
b11 Y
b11 *
10
1/
0-
0+
b10 1
b111111100 &
b100 %
#128000
0L
0M
0U
0V
09
0:
1<
0E
0=
0F
0O
b0 !
b0 5
0X
08
0A
0J
0S
07
1@
b0 $
b0 4
b0 6
b0 >
b0 ?
b0 G
b0 H
b0 P
b0 Q
b0 Y
b0 #
b0 3
b10 "
b10 2
b10 (
b0 )
b0 *
10
1/
0-
0+
b11 1
b1000000000 &
b100 %
#129000
b10 !
b10 5
1F
b1 $
b1 4
b1 6
b1 >
b1 ?
b1 G
b1 H
b1 P
b1 Q
b1 Y
b1 *
10
0+
0/
0.
0,
b0 1
b1000000100 &
b100 %
#130000
b10 $
b10 4
b10 6
b10 >
b10 ?
b10 G
b10 H
b10 P
b10 Q
b10 Y
b10 *
10
0/
0.
0+
b1 1
b1000001000 &
b100 %
#131000
1=
0F
1O
b1101 !
b1101 5
1X
b11 $
b11 4
b11 6
b11 >
b11 ?
b11 G
b11 H
b11 P
b11 Q
b11 Y
b11 *
10
0/
0.
0+
b10 1
b1000001100 &
b100 %
#132000
1:
1;
0=
0O
b0 !
b0 5
0X
18
b0 $
b0 4
b0 6
b0 >
b0 ?
b0 G
b0 H
b0 P
b0 Q
b0 Y
b1 #
b1 3
b1 )
b0 *
10
0/
0.
0+
b11 1
b1000010000 &
b100 %
#133000
1=
b11 !
b11 5
1F
b1 $
b1 4
b1 6
b1 >
b1 ?
b1 G
b1 H
b1 P
b1 Q
b1 Y
b1 *
10
0+
0/
0.
0,
b0 1
b1000010100 &
b100 %
#134000
b10 $
b10 4
b10 6
b10 >
b10 ?
b10 G
b10 H
b10 P
b10 Q
b10 Y
b10 *
10
0+
0/
0.
0,
b1 1
b1000011000 &
b100 %
#135000
0F
1O
b1101 !
b1101 5
1X
b11 $
b11 4
b11 6
b11 >
b11 ?
b11 G
b11 H
b11 P
b11 Q
b11 Y
b11 *
10
0+
0/
0.
0,
b10 1
b1000011100 &
b100 %
#136000
1F
0:
0;
1B
0D
0=
0O
b10 !
b10 5
0X
08
1A
b0 $
b0 4
b0 6
b0 >
b0 ?
b0 G
b0 H
b0 P
b0 Q
b0 Y
b10 #
b10 3
b10 )
b0 *
10
0+
0/
0.
0,
b11 1
b1000100000 &
b100 %
#137000
b1 $
b1 4
b1 6
b1 >
b1 ?
b1 G
b1 H
b1 P
b1 Q
b1 Y
b1 *
10
0.
0-
0+
0,
b0 1
b1000100100 &
b100 %
#138000
b0 !
b0 5
0F
b10 $
b10 4
b10 6
b10 >
b10 ?
b10 G
b10 H
b10 P
b10 Q
b10 Y
b10 *
10
0.
0-
0+
0,
b1 1
b1000101000 &
b100 %
#139000
1=
1O
b1101 !
b1101 5
1X
b11 $
b11 4
b11 6
b11 >
b11 ?
b11 G
b11 H
b11 P
b11 Q
b11 Y
b11 *
10
0.
0-
0+
0,
b10 1
b1000101100 &
b100 %
#140000
1:
1;
0=
1F
0O
b10 !
b10 5
0X
18
b0 $
b0 4
b0 6
b0 >
b0 ?
b0 G
b0 H
b0 P
b0 Q
b0 Y
b11 #
b11 3
b11 )
b0 *
10
0.
0-
0+
0,
b11 1
b1000110000 &
b100 %
#141000
b11 !
b11 5
1=
b1 $
b1 4
b1 6
b1 >
b1 ?
b1 G
b1 H
b1 P
b1 Q
b1 Y
b1 *
10
0-
0+
0/
0.
0,
b0 1
b1000110100 &
b100 %
#142000
b1 !
b1 5
0F
b10 $
b10 4
b10 6
b10 >
b10 ?
b10 G
b10 H
b10 P
b10 Q
b10 Y
b10 *
10
0-
0+
0/
0.
0,
b1 1
b1000111000 &
b100 %
#143000
1O
b1101 !
b1101 5
1X
b11 $
b11 4
b11 6
b11 >
b11 ?
b11 G
b11 H
b11 P
b11 Q
b11 Y
b11 *
10
0-
0+
0/
0.
0,
b10 1
b1000111100 &
b100 %
#144000
0:
0;
0B
1D
1L
1M
0=
0F
0O
b0 !
b0 5
0X
08
0A
1J
b0 $
b0 4
b0 6
b0 >
b0 ?
b0 G
b0 H
b0 P
b0 Q
b0 Y
b100 #
b100 3
b100 )
b0 *
10
0-
0+
0/
0.
0,
b11 1
b1001000000 &
b100 %
#145000
1F
b110 !
b110 5
1O
b1 $
b1 4
b1 6
b1 >
b1 ?
b1 G
b1 H
b1 P
b1 Q
b1 Y
b1 *
0,
10
0/
0.
0+
b0 1
b1001000100 &
b100 %
#146000
b10 $
b10 4
b10 6
b10 >
b10 ?
b10 G
b10 H
b10 P
b10 Q
b10 Y
b10 *
0,
10
0/
0.
0+
b1 1
b1001001000 &
b100 %
#147000
1=
0F
b1101 !
b1101 5
1X
b11 $
b11 4
b11 6
b11 >
b11 ?
b11 G
b11 H
b11 P
b11 Q
b11 Y
b11 *
0,
10
0/
0.
0+
b10 1
b1001001100 &
b100 %
#148000
1:
1;
0=
0O
b0 !
b0 5
0X
18
b0 $
b0 4
b0 6
b0 >
b0 ?
b0 G
b0 H
b0 P
b0 Q
b0 Y
b101 #
b101 3
b101 )
b0 *
0,
10
0/
0.
0+
b11 1
b1001010000 &
b100 %
#149000
1=
1F
b111 !
b111 5
1O
b1 $
b1 4
b1 6
b1 >
b1 ?
b1 G
b1 H
b1 P
b1 Q
b1 Y
b1 *
10
0+
0/
0.
0,
b0 1
b1001010100 &
b100 %
#150000
b10 $
b10 4
b10 6
b10 >
b10 ?
b10 G
b10 H
b10 P
b10 Q
b10 Y
b10 *
10
0+
0/
0.
0,
b1 1
b1001011000 &
b100 %
#151000
0F
b1101 !
b1101 5
1X
b11 $
b11 4
b11 6
b11 >
b11 ?
b11 G
b11 H
b11 P
b11 Q
b11 Y
b11 *
10
0+
0/
0.
0,
b10 1
b1001011100 &
b100 %
#152000
1F
0:
0;
1B
0D
0=
0O
b10 !
b10 5
0X
08
1A
b0 $
b0 4
b0 6
b0 >
b0 ?
b0 G
b0 H
b0 P
b0 Q
b0 Y
b110 #
b110 3
b110 )
b0 *
10
0+
0/
0.
0,
b11 1
b1001100000 &
b100 %
#153000
b110 !
b110 5
1O
b1 $
b1 4
b1 6
b1 >
b1 ?
b1 G
b1 H
b1 P
b1 Q
b1 Y
b1 *
0/
10
0.
0-
0+
0,
b0 1
b1001100100 &
b100 %
#154000
b100 !
b100 5
0F
b10 $
b10 4
b10 6
b10 >
b10 ?
b10 G
b10 H
b10 P
b10 Q
b10 Y
b10 *
0/
10
0.
0-
0+
0,
b1 1
b1001101000 &
b100 %
#155000
1=
b1101 !
b1101 5
1X
b11 $
b11 4
b11 6
b11 >
b11 ?
b11 G
b11 H
b11 P
b11 Q
b11 Y
b11 *
0/
10
0.
0-
0+
0,
b10 1
b1001101100 &
b100 %
#156000
1:
1;
0=
1F
0O
b10 !
b10 5
0X
18
b0 $
b0 4
b0 6
b0 >
b0 ?
b0 G
b0 H
b0 P
b0 Q
b0 Y
b111 #
b111 3
b111 )
b0 *
0/
10
0.
0-
0+
0,
b11 1
b1001110000 &
b100 %
#157000
1=
b111 !
b111 5
1O
b1 $
b1 4
b1 6
b1 >
b1 ?
b1 G
b1 H
b1 P
b1 Q
b1 Y
b1 *
10
0-
0+
0/
0.
0,
b0 1
b1001110100 &
b100 %
#158000
b101 !
b101 5
0F
b10 $
b10 4
b10 6
b10 >
b10 ?
b10 G
b10 H
b10 P
b10 Q
b10 Y
b10 *
10
0-
0+
0/
0.
0,
b1 1
b1001111000 &
b100 %
#159000
b1101 !
b1101 5
1X
b11 $
b11 4
b11 6
b11 >
b11 ?
b11 G
b11 H
b11 P
b11 Q
b11 Y
b11 *
10
0-
0+
0/
0.
0,
b10 1
b1001111100 &
b100 %
#160000
0:
0;
0B
1D
0L
0M
1U
1V
0=
0F
0O
b0 !
b0 5
0X
08
0A
0J
1S
b0 $
b0 4
b0 6
b0 >
b0 ?
b0 G
b0 H
b0 P
b0 Q
b0 Y
b1000 #
b1000 3
b1000 )
b0 *
10
0-
0+
0/
0.
0,
b11 1
b1010000000 &
b100 %
#161000
1F
b1010 !
b1010 5
1X
b1 $
b1 4
b1 6
b1 >
b1 ?
b1 G
b1 H
b1 P
b1 Q
b1 Y
b1 *
1,
10
1/
1.
0+
b0 1
b1010000100 &
b100 %
#162000
b10 $
b10 4
b10 6
b10 >
b10 ?
b10 G
b10 H
b10 P
b10 Q
b10 Y
b10 *
10
0+
1/
1.
1,
b1 1
b1010001000 &
b100 %
#163000
1=
0F
b1101 !
b1101 5
1O
b11 $
b11 4
b11 6
b11 >
b11 ?
b11 G
b11 H
b11 P
b11 Q
b11 Y
b11 *
10
0+
1/
1.
1,
b10 1
b1010001100 &
b100 %
#164000
1:
1;
0=
0O
b0 !
b0 5
0X
18
b0 $
b0 4
b0 6
b0 >
b0 ?
b0 G
b0 H
b0 P
b0 Q
b0 Y
b1001 #
b1001 3
b1001 )
b0 *
10
0+
1/
1.
1,
b11 1
b1010010000 &
b100 %
#165000
1=
1F
b1011 !
b1011 5
1X
b1 $
b1 4
b1 6
b1 >
b1 ?
b1 G
b1 H
b1 P
b1 Q
b1 Y
b1 *
1/
1.
10
0+
1,
b0 1
b1010010100 &
b100 %
#166000
b10 $
b10 4
b10 6
b10 >
b10 ?
b10 G
b10 H
b10 P
b10 Q
b10 Y
b10 *
1/
1.
10
0+
1,
b1 1
b1010011000 &
b100 %
#167000
0F
b1101 !
b1101 5
1O
b11 $
b11 4
b11 6
b11 >
b11 ?
b11 G
b11 H
b11 P
b11 Q
b11 Y
b11 *
1/
1.
10
0+
1,
b10 1
b1010011100 &
b100 %
#168000
1F
0:
0;
1B
0D
0=
0O
b10 !
b10 5
0X
08
1A
b0 $
b0 4
b0 6
b0 >
b0 ?
b0 G
b0 H
b0 P
b0 Q
b0 Y
b1010 #
b1010 3
b1010 )
b0 *
1/
1.
10
0+
1,
b11 1
b1010100000 &
b100 %
#169000
b1010 !
b1010 5
1X
b1 $
b1 4
b1 6
b1 >
b1 ?
b1 G
b1 H
b1 P
b1 Q
b1 Y
b1 *
10
0-
0+
1/
1.
1,
b0 1
b1010100100 &
b100 %
#170000
b1000 !
b1000 5
0F
b10 $
b10 4
b10 6
b10 >
b10 ?
b10 G
b10 H
b10 P
b10 Q
b10 Y
b10 *
10
0-
0+
1/
1.
1,
b1 1
b1010101000 &
b100 %
#171000
1=
b1101 !
b1101 5
1O
b11 $
b11 4
b11 6
b11 >
b11 ?
b11 G
b11 H
b11 P
b11 Q
b11 Y
b11 *
10
0-
0+
1/
1.
1,
b10 1
b1010101100 &
b100 %
#172000
1:
1;
0=
1F
0O
b10 !
b10 5
0X
18
b0 $
b0 4
b0 6
b0 >
b0 ?
b0 G
b0 H
b0 P
b0 Q
b0 Y
b1011 #
b1011 3
b1011 )
b0 *
10
0-
0+
1/
1.
1,
b11 1
b1010110000 &
b100 %
#173000
1=
b1011 !
b1011 5
1X
b1 $
b1 4
b1 6
b1 >
b1 ?
b1 G
b1 H
b1 P
b1 Q
b1 Y
b1 *
1.
1,
10
1/
0-
0+
b0 1
b1010110100 &
b100 %
#174000
b1001 !
b1001 5
0F
b10 $
b10 4
b10 6
b10 >
b10 ?
b10 G
b10 H
b10 P
b10 Q
b10 Y
b10 *
1.
1,
10
1/
0-
0+
b1 1
b1010111000 &
b100 %
#175000
b1101 !
b1101 5
1O
b11 $
b11 4
b11 6
b11 >
b11 ?
b11 G
b11 H
b11 P
b11 Q
b11 Y
b11 *
1.
1,
10
1/
0-
0+
b10 1
b1010111100 &
b100 %
#176000
0:
0;
0B
1D
1L
1M
0=
0F
0O
b0 !
b0 5
0X
08
0A
1J
b0 $
b0 4
b0 6
b0 >
b0 ?
b0 G
b0 H
b0 P
b0 Q
b0 Y
b1100 #
b1100 3
b1100 )
b0 *
1.
1,
10
1/
0-
0+
b11 1
b1011000000 &
b100 %
#177000
1F
1O
b1110 !
b1110 5
1X
b1 $
b1 4
b1 6
b1 >
b1 ?
b1 G
b1 H
b1 P
b1 Q
b1 Y
b1 *
10
0+
1/
1.
1,
b0 1
b1011000100 &
b100 %
#178000
b10 $
b10 4
b10 6
b10 >
b10 ?
b10 G
b10 H
b10 P
b10 Q
b10 Y
b10 *
10
0+
1/
1.
1,
b1 1
b1011001000 &
b100 %
#179000
1=
b1101 !
b1101 5
0F
b11 $
b11 4
b11 6
b11 >
b11 ?
b11 G
b11 H
b11 P
b11 Q
b11 Y
b11 *
10
0+
1/
1.
1,
b10 1
b1011001100 &
b100 %
#180000
1:
1;
0=
0O
b0 !
b0 5
0X
18
b0 $
b0 4
b0 6
b0 >
b0 ?
b0 G
b0 H
b0 P
b0 Q
b0 Y
b1101 #
b1101 3
b1101 )
b0 *
10
0+
1/
1.
1,
b11 1
b1011010000 &
b100 %
#181000
1=
1F
1O
b1111 !
b1111 5
1X
b1 $
b1 4
b1 6
b1 >
b1 ?
b1 G
b1 H
b1 P
b1 Q
b1 Y
b1 *
10
0+
1,
b0 1
b1011010100 &
b100 %
#182000
b10 $
b10 4
b10 6
b10 >
b10 ?
b10 G
b10 H
b10 P
b10 Q
b10 Y
b10 *
10
0+
1,
b1 1
b1011011000 &
b100 %
#183000
b1101 !
b1101 5
0F
b11 $
b11 4
b11 6
b11 >
b11 ?
b11 G
b11 H
b11 P
b11 Q
b11 Y
b11 *
10
0+
1,
b10 1
b1011011100 &
b100 %
#184000
1F
0:
0;
1B
0D
0=
0O
b10 !
b10 5
0X
08
1A
b0 $
b0 4
b0 6
b0 >
b0 ?
b0 G
b0 H
b0 P
b0 Q
b0 Y
b1110 #
b1110 3
b1110 )
b0 *
10
0+
1,
b11 1
b1011100000 &
b100 %
#185000
1O
b1110 !
b1110 5
1X
b1 $
b1 4
b1 6
b1 >
b1 ?
b1 G
b1 H
b1 P
b1 Q
b1 Y
b1 *
10
0-
0+
1/
1.
1,
b0 1
b1011100100 &
b100 %
#186000
b1100 !
b1100 5
0F
b10 $
b10 4
b10 6
b10 >
b10 ?
b10 G
b10 H
b10 P
b10 Q
b10 Y
b10 *
10
0-
0+
1/
1.
1,
b1 1
b1011101000 &
b100 %
#187000
b1101 !
b1101 5
1=
b11 $
b11 4
b11 6
b11 >
b11 ?
b11 G
b11 H
b11 P
b11 Q
b11 Y
b11 *
10
0-
0+
1/
1.
1,
b10 1
b1011101100 &
b100 %
#188000
1:
1;
0=
1F
0O
b10 !
b10 5
0X
18
b0 $
b0 4
b0 6
b0 >
b0 ?
b0 G
b0 H
b0 P
b0 Q
b0 Y
b1111 #
b1111 3
b1111 )
b0 *
10
0-
0+
1/
1.
1,
b11 1
b1011110000 &
b100 %
#189000
1=
1O
b1111 !
b1111 5
1X
b1 $
b1 4
b1 6
b1 >
b1 ?
b1 G
b1 H
b1 P
b1 Q
b1 Y
b1 *
10
1/
0-
0+
b0 1
b1011110100 &
b100 %
#190000
b1101 !
b1101 5
0F
b10 $
b10 4
b10 6
b10 >
b10 ?
b10 G
b10 H
b10 P
b10 Q
b10 Y
b10 *
10
1/
0-
0+
b1 1
b1011111000 &
b100 %
#191000
b11 $
b11 4
b11 6
b11 >
b11 ?
b11 G
b11 H
b11 P
b11 Q
b11 Y
b11 *
10
1/
0-
0+
b10 1
b1011111100 &
b100 %
#192000
0B
1D
0L
0M
0U
0V
0<
0=
0F
0O
b0 !
b0 5
0X
08
0A
0J
0S
17
b0 $
b0 4
b0 6
b0 >
b0 ?
b0 G
b0 H
b0 P
b0 Q
b0 Y
b0 #
b0 3
b11 "
b11 2
b11 (
b0 )
b0 *
10
1/
0-
0+
b11 1
b1100000000 &
b100 %
#193000
1=
b11 !
b11 5
1F
b1 $
b1 4
b1 6
b1 >
b1 ?
b1 G
b1 H
b1 P
b1 Q
b1 Y
b1 *
0/
0.
10
0+
0,
b0 1
b1100000100 &
b100 %
#194000
b10 $
b10 4
b10 6
b10 >
b10 ?
b10 G
b10 H
b10 P
b10 Q
b10 Y
b10 *
10
0/
0.
0+
b1 1
b1100001000 &
b100 %
#195000
0=
0F
1O
b1100 !
b1100 5
1X
b11 $
b11 4
b11 6
b11 >
b11 ?
b11 G
b11 H
b11 P
b11 Q
b11 Y
b11 *
10
0/
0.
0+
b10 1
b1100001100 &
b100 %
#196000
1=
19
0;
0O
b1 !
b1 5
0X
18
b0 $
b0 4
b0 6
b0 >
b0 ?
b0 G
b0 H
b0 P
b0 Q
b0 Y
b1 #
b1 3
b1 )
b0 *
10
0/
0.
0+
b11 1
b1100010000 &
b100 %
#197000
b11 !
b11 5
1F
b1 $
b1 4
b1 6
b1 >
b1 ?
b1 G
b1 H
b1 P
b1 Q
b1 Y
b1 *
0/
10
0.
0-
0+
0,
b0 1
b1100010100 &
b100 %
#198000
b10 !
b10 5
0=
b10 $
b10 4
b10 6
b10 >
b10 ?
b10 G
b10 H
b10 P
b10 Q
b10 Y
b10 *
0/
10
0.
0-
0+
0,
b1 1
b1100011000 &
b100 %
#199000
0F
1O
b1100 !
b1100 5
1X
b11 $
b11 4
b11 6
b11 >
b11 ?
b11 G
b11 H
b11 P
b11 Q
b11 Y
b11 *
0/
10
0.
0-
0+
0,
b10 1
b1100011100 &
b100 %
#200000
1F
09
1;
1B
0D
0=
0O
b10 !
b10 5
0X
08
1A
b0 $
b0 4
b0 6
b0 >
b0 ?
b0 G
b0 H
b0 P
b0 Q
b0 Y
b10 #
b10 3
b10 )
b0 *
0/
10
0.
0-
0+
0,
b11 1
b1100100000 &
b100 %
#201000
b11 !
b11 5
1=
b1 $
b1 4
b1 6
b1 >
b1 ?
b1 G
b1 H
b1 P
b1 Q
b1 Y
b1 *
0-
0,
10
0/
0.
0+
b0 1
b1100100100 &
b100 %
#202000
b1 !
b1 5
0F
b10 $
b10 4
b10 6
b10 >
b10 ?
b10 G
b10 H
b10 P
b10 Q
b10 Y
b10 *
0-
0,
10
0/
0.
0+
b1 1
b1100101000 &
b100 %
#203000
0=
1O
b1100 !
b1100 5
1X
b11 $
b11 4
b11 6
b11 >
b11 ?
b11 G
b11 H
b11 P
b11 Q
b11 Y
b11 *
0-
0,
10
0/
0.
0+
b10 1
b1100101100 &
b100 %
#204000
1=
19
0;
1F
0O
b11 !
b11 5
0X
18
b0 $
b0 4
b0 6
b0 >
b0 ?
b0 G
b0 H
b0 P
b0 Q
b0 Y
b11 #
b11 3
b11 )
b0 *
0-
0,
10
0/
0.
0+
b11 1
b1100110000 &
b100 %
#205000
b1 $
b1 4
b1 6
b1 >
b1 ?
b1 G
b1 H
b1 P
b1 Q
b1 Y
b1 *
10
0.
0-
0+
0,
b0 1
b1100110100 &
b100 %
#206000
0=
b0 !
b0 5
0F
b10 $
b10 4
b10 6
b10 >
b10 ?
b10 G
b10 H
b10 P
b10 Q
b10 Y
b10 *
10
0.
0-
0+
0,
b1 1
b1100111000 &
b100 %
#207000
1O
b1100 !
b1100 5
1X
b11 $
b11 4
b11 6
b11 >
b11 ?
b11 G
b11 H
b11 P
b11 Q
b11 Y
b11 *
10
0.
0-
0+
0,
b10 1
b1100111100 &
b100 %
#208000
09
1;
0B
1D
1L
1M
0=
0F
0O
b0 !
b0 5
0X
08
0A
1J
b0 $
b0 4
b0 6
b0 >
b0 ?
b0 G
b0 H
b0 P
b0 Q
b0 Y
b100 #
b100 3
b100 )
b0 *
10
0.
0-
0+
0,
b11 1
b1101000000 &
b100 %
#209000
1=
1F
b111 !
b111 5
1O
b1 $
b1 4
b1 6
b1 >
b1 ?
b1 G
b1 H
b1 P
b1 Q
b1 Y
b1 *
0,
10
0/
0.
0+
b0 1
b1101000100 &
b100 %
#210000
b10 $
b10 4
b10 6
b10 >
b10 ?
b10 G
b10 H
b10 P
b10 Q
b10 Y
b10 *
0,
10
0/
0.
0+
b1 1
b1101001000 &
b100 %
#211000
0=
0F
b1100 !
b1100 5
1X
b11 $
b11 4
b11 6
b11 >
b11 ?
b11 G
b11 H
b11 P
b11 Q
b11 Y
b11 *
0,
10
0/
0.
0+
b10 1
b1101001100 &
b100 %
#212000
1=
19
0;
0O
b1 !
b1 5
0X
18
b0 $
b0 4
b0 6
b0 >
b0 ?
b0 G
b0 H
b0 P
b0 Q
b0 Y
b101 #
b101 3
b101 )
b0 *
0,
10
0/
0.
0+
b11 1
b1101010000 &
b100 %
#213000
1F
b111 !
b111 5
1O
b1 $
b1 4
b1 6
b1 >
b1 ?
b1 G
b1 H
b1 P
b1 Q
b1 Y
b1 *
0/
10
0.
0-
0+
0,
b0 1
b1101010100 &
b100 %
#214000
b110 !
b110 5
0=
b10 $
b10 4
b10 6
b10 >
b10 ?
b10 G
b10 H
b10 P
b10 Q
b10 Y
b10 *
0/
10
0.
0-
0+
0,
b1 1
b1101011000 &
b100 %
#215000
0F
b1100 !
b1100 5
1X
b11 $
b11 4
b11 6
b11 >
b11 ?
b11 G
b11 H
b11 P
b11 Q
b11 Y
b11 *
0/
10
0.
0-
0+
0,
b10 1
b1101011100 &
b100 %
#216000
1F
09
1;
1B
0D
0=
0O
b10 !
b10 5
0X
08
1A
b0 $
b0 4
b0 6
b0 >
b0 ?
b0 G
b0 H
b0 P
b0 Q
b0 Y
b110 #
b110 3
b110 )
b0 *
0/
10
0.
0-
0+
0,
b11 1
b1101100000 &
b100 %
#217000
1=
b111 !
b111 5
1O
b1 $
b1 4
b1 6
b1 >
b1 ?
b1 G
b1 H
b1 P
b1 Q
b1 Y
b1 *
0-
0,
10
0/
0.
0+
b0 1
b1101100100 &
b100 %
#218000
b101 !
b101 5
0F
b10 $
b10 4
b10 6
b10 >
b10 ?
b10 G
b10 H
b10 P
b10 Q
b10 Y
b10 *
0-
0,
10
0/
0.
0+
b1 1
b1101101000 &
b100 %
#219000
0=
b1100 !
b1100 5
1X
b11 $
b11 4
b11 6
b11 >
b11 ?
b11 G
b11 H
b11 P
b11 Q
b11 Y
b11 *
0-
0,
10
0/
0.
0+
b10 1
b1101101100 &
b100 %
#220000
1=
19
0;
1F
0O
b11 !
b11 5
0X
18
b0 $
b0 4
b0 6
b0 >
b0 ?
b0 G
b0 H
b0 P
b0 Q
b0 Y
b111 #
b111 3
b111 )
b0 *
0-
0,
10
0/
0.
0+
b11 1
b1101110000 &
b100 %
#221000
b111 !
b111 5
1O
b1 $
b1 4
b1 6
b1 >
b1 ?
b1 G
b1 H
b1 P
b1 Q
b1 Y
b1 *
0/
10
0.
0-
0+
0,
b0 1
b1101110100 &
b100 %
#222000
0=
b100 !
b100 5
0F
b10 $
b10 4
b10 6
b10 >
b10 ?
b10 G
b10 H
b10 P
b10 Q
b10 Y
b10 *
0/
10
0.
0-
0+
0,
b1 1
b1101111000 &
b100 %
#223000
b1100 !
b1100 5
1X
b11 $
b11 4
b11 6
b11 >
b11 ?
b11 G
b11 H
b11 P
b11 Q
b11 Y
b11 *
0/
10
0.
0-
0+
0,
b10 1
b1101111100 &
b100 %
#224000
09
1;
0B
1D
0L
0M
1U
1V
0=
0F
0O
b0 !
b0 5
0X
08
0A
0J
1S
b0 $
b0 4
b0 6
b0 >
b0 ?
b0 G
b0 H
b0 P
b0 Q
b0 Y
b1000 #
b1000 3
b1000 )
b0 *
0/
10
0.
0-
0+
0,
b11 1
b1110000000 &
b100 %
#225000
1=
1F
b1011 !
b1011 5
1X
b1 $
b1 4
b1 6
b1 >
b1 ?
b1 G
b1 H
b1 P
b1 Q
b1 Y
b1 *
1,
10
1/
1.
0+
b0 1
b1110000100 &
b100 %
#226000
b10 $
b10 4
b10 6
b10 >
b10 ?
b10 G
b10 H
b10 P
b10 Q
b10 Y
b10 *
1/
1.
10
0+
1,
b1 1
b1110001000 &
b100 %
#227000
0=
0F
b1100 !
b1100 5
1O
b11 $
b11 4
b11 6
b11 >
b11 ?
b11 G
b11 H
b11 P
b11 Q
b11 Y
b11 *
1/
1.
10
0+
1,
b10 1
b1110001100 &
b100 %
#228000
1=
19
0;
0O
b1 !
b1 5
0X
18
b0 $
b0 4
b0 6
b0 >
b0 ?
b0 G
b0 H
b0 P
b0 Q
b0 Y
b1001 #
b1001 3
b1001 )
b0 *
1/
1.
10
0+
1,
b11 1
b1110010000 &
b100 %
#229000
1F
b1011 !
b1011 5
1X
b1 $
b1 4
b1 6
b1 >
b1 ?
b1 G
b1 H
b1 P
b1 Q
b1 Y
b1 *
1.
1,
10
1/
0-
0+
b0 1
b1110010100 &
b100 %
#230000
b1010 !
b1010 5
0=
b10 $
b10 4
b10 6
b10 >
b10 ?
b10 G
b10 H
b10 P
b10 Q
b10 Y
b10 *
1.
1,
10
1/
0-
0+
b1 1
b1110011000 &
b100 %
#231000
0F
b1100 !
b1100 5
1O
b11 $
b11 4
b11 6
b11 >
b11 ?
b11 G
b11 H
b11 P
b11 Q
b11 Y
b11 *
1.
1,
10
1/
0-
0+
b10 1
b1110011100 &
b100 %
#232000
1F
09
1;
1B
0D
0=
0O
b10 !
b10 5
0X
08
1A
b0 $
b0 4
b0 6
b0 >
b0 ?
b0 G
b0 H
b0 P
b0 Q
b0 Y
b1010 #
b1010 3
b1010 )
b0 *
1.
1,
10
1/
0-
0+
b11 1
b1110100000 &
b100 %
#233000
1=
b1011 !
b1011 5
1X
b1 $
b1 4
b1 6
b1 >
b1 ?
b1 G
b1 H
b1 P
b1 Q
b1 Y
b1 *
1.
1/
0-
10
0+
1,
b0 1
b1110100100 &
b100 %
#234000
b1001 !
b1001 5
0F
b10 $
b10 4
b10 6
b10 >
b10 ?
b10 G
b10 H
b10 P
b10 Q
b10 Y
b10 *
1.
1/
0-
10
0+
1,
b1 1
b1110101000 &
b100 %
#235000
0=
b1100 !
b1100 5
1O
b11 $
b11 4
b11 6
b11 >
b11 ?
b11 G
b11 H
b11 P
b11 Q
b11 Y
b11 *
1.
1/
0-
10
0+
1,
b10 1
b1110101100 &
b100 %
#236000
1=
19
0;
1F
0O
b11 !
b11 5
0X
18
b0 $
b0 4
b0 6
b0 >
b0 ?
b0 G
b0 H
b0 P
b0 Q
b0 Y
b1011 #
b1011 3
b1011 )
b0 *
1.
1/
0-
10
0+
1,
b11 1
b1110110000 &
b100 %
#237000
b1011 !
b1011 5
1X
b1 $
b1 4
b1 6
b1 >
b1 ?
b1 G
b1 H
b1 P
b1 Q
b1 Y
b1 *
1.
1,
10
1/
0-
0+
b0 1
b1110110100 &
b100 %
#238000
0=
b1000 !
b1000 5
0F
b10 $
b10 4
b10 6
b10 >
b10 ?
b10 G
b10 H
b10 P
b10 Q
b10 Y
b10 *
1.
1,
10
1/
0-
0+
b1 1
b1110111000 &
b100 %
#239000
b1100 !
b1100 5
1O
b11 $
b11 4
b11 6
b11 >
b11 ?
b11 G
b11 H
b11 P
b11 Q
b11 Y
b11 *
1.
1,
10
1/
0-
0+
b10 1
b1110111100 &
b100 %
#240000
09
1;
0B
1D
1L
1M
0=
0F
0O
b0 !
b0 5
0X
08
0A
1J
b0 $
b0 4
b0 6
b0 >
b0 ?
b0 G
b0 H
b0 P
b0 Q
b0 Y
b1100 #
b1100 3
b1100 )
b0 *
1.
1,
10
1/
0-
0+
b11 1
b1111000000 &
b100 %
#241000
1=
1F
1O
b1111 !
b1111 5
1X
b1 $
b1 4
b1 6
b1 >
b1 ?
b1 G
b1 H
b1 P
b1 Q
b1 Y
b1 *
10
0+
1,
b0 1
b1111000100 &
b100 %
#242000
b10 $
b10 4
b10 6
b10 >
b10 ?
b10 G
b10 H
b10 P
b10 Q
b10 Y
b10 *
10
0+
1,
b1 1
b1111001000 &
b100 %
#243000
0=
b1100 !
b1100 5
0F
b11 $
b11 4
b11 6
b11 >
b11 ?
b11 G
b11 H
b11 P
b11 Q
b11 Y
b11 *
10
0+
1,
b10 1
b1111001100 &
b100 %
#244000
1=
19
0;
0O
b1 !
b1 5
0X
18
b0 $
b0 4
b0 6
b0 >
b0 ?
b0 G
b0 H
b0 P
b0 Q
b0 Y
b1101 #
b1101 3
b1101 )
b0 *
10
0+
1,
b11 1
b1111010000 &
b100 %
#245000
1F
1O
b1111 !
b1111 5
1X
b1 $
b1 4
b1 6
b1 >
b1 ?
b1 G
b1 H
b1 P
b1 Q
b1 Y
b1 *
1,
10
1/
0-
0+
b0 1
b1111010100 &
b100 %
#246000
b1110 !
b1110 5
0=
b10 $
b10 4
b10 6
b10 >
b10 ?
b10 G
b10 H
b10 P
b10 Q
b10 Y
b10 *
1,
10
1/
0-
0+
b1 1
b1111011000 &
b100 %
#247000
b1100 !
b1100 5
0F
b11 $
b11 4
b11 6
b11 >
b11 ?
b11 G
b11 H
b11 P
b11 Q
b11 Y
b11 *
1,
10
1/
0-
0+
b10 1
b1111011100 &
b100 %
#248000
1F
09
1;
1B
0D
0=
0O
b10 !
b10 5
0X
08
1A
b0 $
b0 4
b0 6
b0 >
b0 ?
b0 G
b0 H
b0 P
b0 Q
b0 Y
b1110 #
b1110 3
b1110 )
b0 *
1,
10
1/
0-
0+
b11 1
b1111100000 &
b100 %
#249000
1=
1O
b1111 !
b1111 5
1X
b1 $
b1 4
b1 6
b1 >
b1 ?
b1 G
b1 H
b1 P
b1 Q
b1 Y
b1 *
1/
0-
10
0+
1,
b0 1
b1111100100 &
b100 %
#250000
b1101 !
b1101 5
0F
b10 $
b10 4
b10 6
b10 >
b10 ?
b10 G
b10 H
b10 P
b10 Q
b10 Y
b10 *
1/
0-
10
0+
1,
b1 1
b1111101000 &
b100 %
#251000
b1100 !
b1100 5
0=
b11 $
b11 4
b11 6
b11 >
b11 ?
b11 G
b11 H
b11 P
b11 Q
b11 Y
b11 *
1/
0-
10
0+
1,
b10 1
b1111101100 &
b100 %
#252000
1=
19
0;
1F
0O
b11 !
b11 5
0X
18
b0 $
b0 4
b0 6
b0 >
b0 ?
b0 G
b0 H
b0 P
b0 Q
b0 Y
b1111 #
b1111 3
b1111 )
b0 *
1/
0-
10
0+
1,
b11 1
b1111110000 &
b100 %
#253000
1O
b1111 !
b1111 5
1X
b1 $
b1 4
b1 6
b1 >
b1 ?
b1 G
b1 H
b1 P
b1 Q
b1 Y
b1 *
10
1/
0-
0+
b0 1
b1111110100 &
b100 %
#254000
0=
b1100 !
b1100 5
0F
b10 $
b10 4
b10 6
b10 >
b10 ?
b10 G
b10 H
b10 P
b10 Q
b10 Y
b10 *
10
1/
0-
0+
b1 1
b1111111000 &
b100 %
#255000
b11 $
b11 4
b11 6
b11 >
b11 ?
b11 G
b11 H
b11 P
b11 Q
b11 Y
b11 *
10
1/
0-
0+
b10 1
b1111111100 &
b100 %
#256000
0U
0V
09
0:
1<
0B
0C
1E
0N
0=
0F
0O
b0 !
b0 5
0X
08
0A
0J
0S
07
0@
1I
b0 $
b0 4
b0 6
b0 >
b0 ?
b0 G
b0 H
b0 P
b0 Q
b0 Y
b0 #
b0 3
b100 "
b100 2
b100 (
b0 )
b0 *
10
1/
0-
0+
b11 1
b10000000000 &
b100 %
#257000
b100 !
b100 5
1O
b1 $
b1 4
b1 6
b1 >
b1 ?
b1 G
b1 H
b1 P
b1 Q
b1 Y
b1 *
10
0+
0/
0.
0,
b0 1
b10000000100 &
b100 %
#258000
b10 $
b10 4
b10 6
b10 >
b10 ?
b10 G
b10 H
b10 P
b10 Q
b10 Y
b10 *
10
0/
0.
0+
b1 1
b10000001000 &
b100 %
#259000
1=
1F
0O
b1011 !
b1011 5
1X
b11 $
b11 4
b11 6
b11 >
b11 ?
b11 G
b11 H
b11 P
b11 Q
b11 Y
b11 *
10
0/
0.
0+
b10 1
b10000001100 &
b100 %
#260000
1:
1;
0=
0F
b0 !
b0 5
0X
18
b0 $
b0 4
b0 6
b0 >
b0 ?
b0 G
b0 H
b0 P
b0 Q
b0 Y
b1 #
b1 3
b1 )
b0 *
10
0/
0.
0+
b11 1
b10000010000 &
b100 %
#261000
1=
b101 !
b101 5
1O
b1 $
b1 4
b1 6
b1 >
b1 ?
b1 G
b1 H
b1 P
b1 Q
b1 Y
b1 *
10
0+
0/
0.
0,
b0 1
b10000010100 &
b100 %
#262000
b10 $
b10 4
b10 6
b10 >
b10 ?
b10 G
b10 H
b10 P
b10 Q
b10 Y
b10 *
10
0+
0/
0.
0,
b1 1
b10000011000 &
b100 %
#263000
1F
0O
b1011 !
b1011 5
1X
b11 $
b11 4
b11 6
b11 >
b11 ?
b11 G
b11 H
b11 P
b11 Q
b11 Y
b11 *
10
0+
0/
0.
0,
b10 1
b10000011100 &
b100 %
#264000
0:
0;
1C
1D
0=
0F
b0 !
b0 5
0X
08
1A
b0 $
b0 4
b0 6
b0 >
b0 ?
b0 G
b0 H
b0 P
b0 Q
b0 Y
b10 #
b10 3
b10 )
b0 *
10
0+
0/
0.
0,
b11 1
b10000100000 &
b100 %
#265000
1F
b110 !
b110 5
1O
b1 $
b1 4
b1 6
b1 >
b1 ?
b1 G
b1 H
b1 P
b1 Q
b1 Y
b1 *
10
0+
0/
0.
0,
b0 1
b10000100100 &
b100 %
#266000
b10 $
b10 4
b10 6
b10 >
b10 ?
b10 G
b10 H
b10 P
b10 Q
b10 Y
b10 *
10
0+
0/
0.
0,
b1 1
b10000101000 &
b100 %
#267000
1=
0O
b1011 !
b1011 5
1X
b11 $
b11 4
b11 6
b11 >
b11 ?
b11 G
b11 H
b11 P
b11 Q
b11 Y
b11 *
10
0+
0/
0.
0,
b10 1
b10000101100 &
b100 %
#268000
1:
1;
0=
0F
b0 !
b0 5
0X
18
b0 $
b0 4
b0 6
b0 >
b0 ?
b0 G
b0 H
b0 P
b0 Q
b0 Y
b11 #
b11 3
b11 )
b0 *
10
0+
0/
0.
0,
b11 1
b10000110000 &
b100 %
#269000
1=
1F
b111 !
b111 5
1O
b1 $
b1 4
b1 6
b1 >
b1 ?
b1 G
b1 H
b1 P
b1 Q
b1 Y
b1 *
10
0+
0/
0.
0,
b0 1
b10000110100 &
b100 %
#270000
b10 $
b10 4
b10 6
b10 >
b10 ?
b10 G
b10 H
b10 P
b10 Q
b10 Y
b10 *
10
0+
0/
0.
0,
b1 1
b10000111000 &
b100 %
#271000
0O
b1011 !
b1011 5
1X
b11 $
b11 4
b11 6
b11 >
b11 ?
b11 G
b11 H
b11 P
b11 Q
b11 Y
b11 *
10
0+
0/
0.
0,
b10 1
b10000111100 &
b100 %
#272000
1O
0:
0;
0C
0D
1K
0M
0=
0F
b100 !
b100 5
0X
08
0A
1J
b0 $
b0 4
b0 6
b0 >
b0 ?
b0 G
b0 H
b0 P
b0 Q
b0 Y
b100 #
b100 3
b100 )
b0 *
10
0+
0/
0.
0,
b11 1
b10001000000 &
b100 %
#273000
b1 $
b1 4
b1 6
b1 >
b1 ?
b1 G
b1 H
b1 P
b1 Q
b1 Y
b1 *
10
0.
0-
0+
0,
b0 1
b10001000100 &
b100 %
#274000
b0 !
b0 5
0O
b10 $
b10 4
b10 6
b10 >
b10 ?
b10 G
b10 H
b10 P
b10 Q
b10 Y
b10 *
10
0.
0-
0+
0,
b1 1
b10001001000 &
b100 %
#275000
1=
1F
b1011 !
b1011 5
1X
b11 $
b11 4
b11 6
b11 >
b11 ?
b11 G
b11 H
b11 P
b11 Q
b11 Y
b11 *
10
0.
0-
0+
0,
b10 1
b10001001100 &
b100 %
#276000
1:
1;
0=
0F
1O
b100 !
b100 5
0X
18
b0 $
b0 4
b0 6
b0 >
b0 ?
b0 G
b0 H
b0 P
b0 Q
b0 Y
b101 #
b101 3
b101 )
b0 *
10
0.
0-
0+
0,
b11 1
b10001010000 &
b100 %
#277000
b101 !
b101 5
1=
b1 $
b1 4
b1 6
b1 >
b1 ?
b1 G
b1 H
b1 P
b1 Q
b1 Y
b1 *
10
0-
0+
0/
0.
0,
b0 1
b10001010100 &
b100 %
#278000
b1 !
b1 5
0O
b10 $
b10 4
b10 6
b10 >
b10 ?
b10 G
b10 H
b10 P
b10 Q
b10 Y
b10 *
10
0-
0+
0/
0.
0,
b1 1
b10001011000 &
b100 %
#279000
1F
b1011 !
b1011 5
1X
b11 $
b11 4
b11 6
b11 >
b11 ?
b11 G
b11 H
b11 P
b11 Q
b11 Y
b11 *
10
0-
0+
0/
0.
0,
b10 1
b10001011100 &
b100 %
#280000
0:
0;
1C
1D
0=
0F
1O
b100 !
b100 5
0X
08
1A
b0 $
b0 4
b0 6
b0 >
b0 ?
b0 G
b0 H
b0 P
b0 Q
b0 Y
b110 #
b110 3
b110 )
b0 *
10
0-
0+
0/
0.
0,
b11 1
b10001100000 &
b100 %
#281000
b110 !
b110 5
1F
b1 $
b1 4
b1 6
b1 >
b1 ?
b1 G
b1 H
b1 P
b1 Q
b1 Y
b1 *
10
0-
0+
0/
0.
0,
b0 1
b10001100100 &
b100 %
#282000
b10 !
b10 5
0O
b10 $
b10 4
b10 6
b10 >
b10 ?
b10 G
b10 H
b10 P
b10 Q
b10 Y
b10 *
10
0-
0+
0/
0.
0,
b1 1
b10001101000 &
b100 %
#283000
1=
b1011 !
b1011 5
1X
b11 $
b11 4
b11 6
b11 >
b11 ?
b11 G
b11 H
b11 P
b11 Q
b11 Y
b11 *
10
0-
0+
0/
0.
0,
b10 1
b10001101100 &
b100 %
#284000
1:
1;
0=
0F
1O
b100 !
b100 5
0X
18
b0 $
b0 4
b0 6
b0 >
b0 ?
b0 G
b0 H
b0 P
b0 Q
b0 Y
b111 #
b111 3
b111 )
b0 *
10
0-
0+
0/
0.
0,
b11 1
b10001110000 &
b100 %
#285000
1=
b111 !
b111 5
1F
b1 $
b1 4
b1 6
b1 >
b1 ?
b1 G
b1 H
b1 P
b1 Q
b1 Y
b1 *
10
0-
0+
0/
0.
0,
b0 1
b10001110100 &
b100 %
#286000
b11 !
b11 5
0O
b10 $
b10 4
b10 6
b10 >
b10 ?
b10 G
b10 H
b10 P
b10 Q
b10 Y
b10 *
10
0-
0+
0/
0.
0,
b1 1
b10001111000 &
b100 %
#287000
b1011 !
b1011 5
1X
b11 $
b11 4
b11 6
b11 >
b11 ?
b11 G
b11 H
b11 P
b11 Q
b11 Y
b11 *
10
0-
0+
0/
0.
0,
b10 1
b10001111100 &
b100 %
#288000
0:
0;
0C
0D
0K
1M
1U
1V
0=
0F
0O
b0 !
b0 5
0X
08
0A
0J
1S
b0 $
b0 4
b0 6
b0 >
b0 ?
b0 G
b0 H
b0 P
b0 Q
b0 Y
b1000 #
b1000 3
b1000 )
b0 *
10
0-
0+
0/
0.
0,
b11 1
b10010000000 &
b100 %
#289000
1O
b1100 !
b1100 5
1X
b1 $
b1 4
b1 6
b1 >
b1 ?
b1 G
b1 H
b1 P
b1 Q
b1 Y
b1 *
1,
10
1/
1.
0+
b0 1
b10010000100 &
b100 %
#290000
b10 $
b10 4
b10 6
b10 >
b10 ?
b10 G
b10 H
b10 P
b10 Q
b10 Y
b10 *
10
0+
1/
1.
1,
b1 1
b10010001000 &
b100 %
#291000
1=
1F
b1011 !
b1011 5
0O
b11 $
b11 4
b11 6
b11 >
b11 ?
b11 G
b11 H
b11 P
b11 Q
b11 Y
b11 *
10
0+
1/
1.
1,
b10 1
b10010001100 &
b100 %
#292000
1:
1;
0=
0F
b0 !
b0 5
0X
18
b0 $
b0 4
b0 6
b0 >
b0 ?
b0 G
b0 H
b0 P
b0 Q
b0 Y
b1001 #
b1001 3
b1001 )
b0 *
10
0+
1/
1.
1,
b11 1
b10010010000 &
b100 %
#293000
1=
1O
b1101 !
b1101 5
1X
b1 $
b1 4
b1 6
b1 >
b1 ?
b1 G
b1 H
b1 P
b1 Q
b1 Y
b1 *
10
0+
1/
1.
1,
b0 1
b10010010100 &
b100 %
#294000
b10 $
b10 4
b10 6
b10 >
b10 ?
b10 G
b10 H
b10 P
b10 Q
b10 Y
b10 *
10
0+
1/
1.
1,
b1 1
b10010011000 &
b100 %
#295000
1F
b1011 !
b1011 5
0O
b11 $
b11 4
b11 6
b11 >
b11 ?
b11 G
b11 H
b11 P
b11 Q
b11 Y
b11 *
10
0+
1/
1.
1,
b10 1
b10010011100 &
b100 %
#296000
0:
0;
1C
1D
0=
0F
b0 !
b0 5
0X
08
1A
b0 $
b0 4
b0 6
b0 >
b0 ?
b0 G
b0 H
b0 P
b0 Q
b0 Y
b1010 #
b1010 3
b1010 )
b0 *
10
0+
1/
1.
1,
b11 1
b10010100000 &
b100 %
#297000
1F
1O
b1110 !
b1110 5
1X
b1 $
b1 4
b1 6
b1 >
b1 ?
b1 G
b1 H
b1 P
b1 Q
b1 Y
b1 *
10
0+
1/
1.
1,
b0 1
b10010100100 &
b100 %
#298000
b10 $
b10 4
b10 6
b10 >
b10 ?
b10 G
b10 H
b10 P
b10 Q
b10 Y
b10 *
10
0+
1/
1.
1,
b1 1
b10010101000 &
b100 %
#299000
1=
b1011 !
b1011 5
0O
b11 $
b11 4
b11 6
b11 >
b11 ?
b11 G
b11 H
b11 P
b11 Q
b11 Y
b11 *
10
0+
1/
1.
1,
b10 1
b10010101100 &
b100 %
#300000
1:
1;
0=
0F
b0 !
b0 5
0X
18
b0 $
b0 4
b0 6
b0 >
b0 ?
b0 G
b0 H
b0 P
b0 Q
b0 Y
b1011 #
b1011 3
b1011 )
b0 *
10
0+
1/
1.
1,
b11 1
b10010110000 &
b100 %
#301000
1=
1F
1O
b1111 !
b1111 5
1X
b1 $
b1 4
b1 6
b1 >
b1 ?
b1 G
b1 H
b1 P
b1 Q
b1 Y
b1 *
10
0+
1,
b0 1
b10010110100 &
b100 %
#302000
b10 $
b10 4
b10 6
b10 >
b10 ?
b10 G
b10 H
b10 P
b10 Q
b10 Y
b10 *
10
0+
1,
b1 1
b10010111000 &
b100 %
#303000
b1011 !
b1011 5
0O
b11 $
b11 4
b11 6
b11 >
b11 ?
b11 G
b11 H
b11 P
b11 Q
b11 Y
b11 *
10
0+
1,
b10 1
b10010111100 &
b100 %
#304000
1O
0:
0;
0C
0D
1K
0M
0=
0F
b100 !
b100 5
0X
08
0A
1J
b0 $
b0 4
b0 6
b0 >
b0 ?
b0 G
b0 H
b0 P
b0 Q
b0 Y
b1100 #
b1100 3
b1100 )
b0 *
10
0+
1,
b11 1
b10011000000 &
b100 %
#305000
b1100 !
b1100 5
1X
b1 $
b1 4
b1 6
b1 >
b1 ?
b1 G
b1 H
b1 P
b1 Q
b1 Y
b1 *
10
0-
0+
1/
1.
1,
b0 1
b10011000100 &
b100 %
#306000
b1000 !
b1000 5
0O
b10 $
b10 4
b10 6
b10 >
b10 ?
b10 G
b10 H
b10 P
b10 Q
b10 Y
b10 *
10
0-
0+
1/
1.
1,
b1 1
b10011001000 &
b100 %
#307000
1=
b1011 !
b1011 5
1F
b11 $
b11 4
b11 6
b11 >
b11 ?
b11 G
b11 H
b11 P
b11 Q
b11 Y
b11 *
10
0-
0+
1/
1.
1,
b10 1
b10011001100 &
b100 %
#308000
1:
1;
0=
0F
1O
b100 !
b100 5
0X
18
b0 $
b0 4
b0 6
b0 >
b0 ?
b0 G
b0 H
b0 P
b0 Q
b0 Y
b1101 #
b1101 3
b1101 )
b0 *
10
0-
0+
1/
1.
1,
b11 1
b10011010000 &
b100 %
#309000
1=
b1101 !
b1101 5
1X
b1 $
b1 4
b1 6
b1 >
b1 ?
b1 G
b1 H
b1 P
b1 Q
b1 Y
b1 *
10
0-
0+
1/
1.
1,
b0 1
b10011010100 &
b100 %
#310000
b1001 !
b1001 5
0O
b10 $
b10 4
b10 6
b10 >
b10 ?
b10 G
b10 H
b10 P
b10 Q
b10 Y
b10 *
10
0-
0+
1/
1.
1,
b1 1
b10011011000 &
b100 %
#311000
b1011 !
b1011 5
1F
b11 $
b11 4
b11 6
b11 >
b11 ?
b11 G
b11 H
b11 P
b11 Q
b11 Y
b11 *
10
0-
0+
1/
1.
1,
b10 1
b10011011100 &
b100 %
#312000
0:
0;
1C
1D
0=
0F
1O
b100 !
b100 5
0X
08
1A
b0 $
b0 4
b0 6
b0 >
b0 ?
b0 G
b0 H
b0 P
b0 Q
b0 Y
b1110 #
b1110 3
b1110 )
b0 *
10
0-
0+
1/
1.
1,
b11 1
b10011100000 &
b100 %
#313000
1F
b1110 !
b1110 5
1X
b1 $
b1 4
b1 6
b1 >
b1 ?
b1 G
b1 H
b1 P
b1 Q
b1 Y
b1 *
10
0-
0+
1/
1.
1,
b0 1
b10011100100 &
b100 %
#314000
b1010 !
b1010 5
0O
b10 $
b10 4
b10 6
b10 >
b10 ?
b10 G
b10 H
b10 P
b10 Q
b10 Y
b10 *
10
0-
0+
1/
1.
1,
b1 1
b10011101000 &
b100 %
#315000
b1011 !
b1011 5
1=
b11 $
b11 4
b11 6
b11 >
b11 ?
b11 G
b11 H
b11 P
b11 Q
b11 Y
b11 *
10
0-
0+
1/
1.
1,
b10 1
b10011101100 &
b100 %
#316000
1:
1;
0=
0F
1O
b100 !
b100 5
0X
18
b0 $
b0 4
b0 6
b0 >
b0 ?
b0 G
b0 H
b0 P
b0 Q
b0 Y
b1111 #
b1111 3
b1111 )
b0 *
10
0-
0+
1/
1.
1,
b11 1
b10011110000 &
b100 %
#317000
1=
1F
b1111 !
b1111 5
1X
b1 $
b1 4
b1 6
b1 >
b1 ?
b1 G
b1 H
b1 P
b1 Q
b1 Y
b1 *
10
1/
0-
0+
b0 1
b10011110100 &
b100 %
#318000
b1011 !
b1011 5
0O
b10 $
b10 4
b10 6
b10 >
b10 ?
b10 G
b10 H
b10 P
b10 Q
b10 Y
b10 *
10
1/
0-
0+
b1 1
b10011111000 &
b100 %
#319000
b11 $
b11 4
b11 6
b11 >
b11 ?
b11 G
b11 H
b11 P
b11 Q
b11 Y
b11 *
10
1/
0-
0+
b10 1
b10011111100 &
b100 %
#320000
0C
0D
0K
1M
0U
0V
0<
0=
0F
0O
b0 !
b0 5
0X
08
0A
0J
0S
17
b0 $
b0 4
b0 6
b0 >
b0 ?
b0 G
b0 H
b0 P
b0 Q
b0 Y
b0 #
b0 3
b101 "
b101 2
b101 (
b0 )
b0 *
10
1/
0-
0+
b11 1
b10100000000 &
b100 %
#321000
1=
b101 !
b101 5
1O
b1 $
b1 4
b1 6
b1 >
b1 ?
b1 G
b1 H
b1 P
b1 Q
b1 Y
b1 *
0/
0.
10
0+
0,
b0 1
b10100000100 &
b100 %
#322000
b10 $
b10 4
b10 6
b10 >
b10 ?
b10 G
b10 H
b10 P
b10 Q
b10 Y
b10 *
10
0/
0.
0+
b1 1
b10100001000 &
b100 %
#323000
0=
1F
0O
b1010 !
b1010 5
1X
b11 $
b11 4
b11 6
b11 >
b11 ?
b11 G
b11 H
b11 P
b11 Q
b11 Y
b11 *
10
0/
0.
0+
b10 1
b10100001100 &
b100 %
#324000
1=
19
0;
0F
b1 !
b1 5
0X
18
b0 $
b0 4
b0 6
b0 >
b0 ?
b0 G
b0 H
b0 P
b0 Q
b0 Y
b1 #
b1 3
b1 )
b0 *
10
0/
0.
0+
b11 1
b10100010000 &
b100 %
#325000
b101 !
b101 5
1O
b1 $
b1 4
b1 6
b1 >
b1 ?
b1 G
b1 H
b1 P
b1 Q
b1 Y
b1 *
0/
10
0.
0-
0+
0,
b0 1
b10100010100 &
b100 %
#326000
b100 !
b100 5
0=
b10 $
b10 4
b10 6
b10 >
b10 ?
b10 G
b10 H
b10 P
b10 Q
b10 Y
b10 *
0/
10
0.
0-
0+
0,
b1 1
b10100011000 &
b100 %
#327000
1F
0O
b1010 !
b1010 5
1X
b11 $
b11 4
b11 6
b11 >
b11 ?
b11 G
b11 H
b11 P
b11 Q
b11 Y
b11 *
0/
10
0.
0-
0+
0,
b10 1
b10100011100 &
b100 %
#328000
09
1;
1C
1D
0=
0F
b0 !
b0 5
0X
08
1A
b0 $
b0 4
b0 6
b0 >
b0 ?
b0 G
b0 H
b0 P
b0 Q
b0 Y
b10 #
b10 3
b10 )
b0 *
0/
10
0.
0-
0+
0,
b11 1
b10100100000 &
b100 %
#329000
1=
1F
b111 !
b111 5
1O
b1 $
b1 4
b1 6
b1 >
b1 ?
b1 G
b1 H
b1 P
b1 Q
b1 Y
b1 *
0,
10
0/
0.
0+
b0 1
b10100100100 &
b100 %
#330000
b10 $
b10 4
b10 6
b10 >
b10 ?
b10 G
b10 H
b10 P
b10 Q
b10 Y
b10 *
0,
10
0/
0.
0+
b1 1
b10100101000 &
b100 %
#331000
0=
0O
b1010 !
b1010 5
1X
b11 $
b11 4
b11 6
b11 >
b11 ?
b11 G
b11 H
b11 P
b11 Q
b11 Y
b11 *
0,
10
0/
0.
0+
b10 1
b10100101100 &
b100 %
#332000
1=
19
0;
0F
b1 !
b1 5
0X
18
b0 $
b0 4
b0 6
b0 >
b0 ?
b0 G
b0 H
b0 P
b0 Q
b0 Y
b11 #
b11 3
b11 )
b0 *
0,
10
0/
0.
0+
b11 1
b10100110000 &
b100 %
#333000
1F
b111 !
b111 5
1O
b1 $
b1 4
b1 6
b1 >
b1 ?
b1 G
b1 H
b1 P
b1 Q
b1 Y
b1 *
0/
10
0.
0-
0+
0,
b0 1
b10100110100 &
b100 %
#334000
b110 !
b110 5
0=
b10 $
b10 4
b10 6
b10 >
b10 ?
b10 G
b10 H
b10 P
b10 Q
b10 Y
b10 *
0/
10
0.
0-
0+
0,
b1 1
b10100111000 &
b100 %
#335000
0O
b1010 !
b1010 5
1X
b11 $
b11 4
b11 6
b11 >
b11 ?
b11 G
b11 H
b11 P
b11 Q
b11 Y
b11 *
0/
10
0.
0-
0+
0,
b10 1
b10100111100 &
b100 %
#336000
1O
09
1;
0C
0D
1K
0M
0=
0F
b100 !
b100 5
0X
08
0A
1J
b0 $
b0 4
b0 6
b0 >
b0 ?
b0 G
b0 H
b0 P
b0 Q
b0 Y
b100 #
b100 3
b100 )
b0 *
0/
10
0.
0-
0+
0,
b11 1
b10101000000 &
b100 %
#337000
b101 !
b101 5
1=
b1 $
b1 4
b1 6
b1 >
b1 ?
b1 G
b1 H
b1 P
b1 Q
b1 Y
b1 *
0-
0,
10
0/
0.
0+
b0 1
b10101000100 &
b100 %
#338000
b1 !
b1 5
0O
b10 $
b10 4
b10 6
b10 >
b10 ?
b10 G
b10 H
b10 P
b10 Q
b10 Y
b10 *
0-
0,
10
0/
0.
0+
b1 1
b10101001000 &
b100 %
#339000
0=
1F
b1010 !
b1010 5
1X
b11 $
b11 4
b11 6
b11 >
b11 ?
b11 G
b11 H
b11 P
b11 Q
b11 Y
b11 *
0-
0,
10
0/
0.
0+
b10 1
b10101001100 &
b100 %
#340000
1=
19
0;
0F
1O
b101 !
b101 5
0X
18
b0 $
b0 4
b0 6
b0 >
b0 ?
b0 G
b0 H
b0 P
b0 Q
b0 Y
b101 #
b101 3
b101 )
b0 *
0-
0,
10
0/
0.
0+
b11 1
b10101010000 &
b100 %
#341000
b1 $
b1 4
b1 6
b1 >
b1 ?
b1 G
b1 H
b1 P
b1 Q
b1 Y
b1 *
10
0.
0-
0+
0,
b0 1
b10101010100 &
b100 %
#342000
0=
b0 !
b0 5
0O
b10 $
b10 4
b10 6
b10 >
b10 ?
b10 G
b10 H
b10 P
b10 Q
b10 Y
b10 *
10
0.
0-
0+
0,
b1 1
b10101011000 &
b100 %
#343000
1F
b1010 !
b1010 5
1X
b11 $
b11 4
b11 6
b11 >
b11 ?
b11 G
b11 H
b11 P
b11 Q
b11 Y
b11 *
10
0.
0-
0+
0,
b10 1
b10101011100 &
b100 %
#344000
09
1;
1C
1D
0=
0F
1O
b100 !
b100 5
0X
08
1A
b0 $
b0 4
b0 6
b0 >
b0 ?
b0 G
b0 H
b0 P
b0 Q
b0 Y
b110 #
b110 3
b110 )
b0 *
10
0.
0-
0+
0,
b11 1
b10101100000 &
b100 %
#345000
1=
b111 !
b111 5
1F
b1 $
b1 4
b1 6
b1 >
b1 ?
b1 G
b1 H
b1 P
b1 Q
b1 Y
b1 *
0-
0,
10
0/
0.
0+
b0 1
b10101100100 &
b100 %
#346000
b11 !
b11 5
0O
b10 $
b10 4
b10 6
b10 >
b10 ?
b10 G
b10 H
b10 P
b10 Q
b10 Y
b10 *
0-
0,
10
0/
0.
0+
b1 1
b10101101000 &
b100 %
#347000
0=
b1010 !
b1010 5
1X
b11 $
b11 4
b11 6
b11 >
b11 ?
b11 G
b11 H
b11 P
b11 Q
b11 Y
b11 *
0-
0,
10
0/
0.
0+
b10 1
b10101101100 &
b100 %
#348000
1=
19
0;
0F
1O
b101 !
b101 5
0X
18
b0 $
b0 4
b0 6
b0 >
b0 ?
b0 G
b0 H
b0 P
b0 Q
b0 Y
b111 #
b111 3
b111 )
b0 *
0-
0,
10
0/
0.
0+
b11 1
b10101110000 &
b100 %
#349000
b111 !
b111 5
1F
b1 $
b1 4
b1 6
b1 >
b1 ?
b1 G
b1 H
b1 P
b1 Q
b1 Y
b1 *
0/
10
0.
0-
0+
0,
b0 1
b10101110100 &
b100 %
#350000
0=
b10 !
b10 5
0O
b10 $
b10 4
b10 6
b10 >
b10 ?
b10 G
b10 H
b10 P
b10 Q
b10 Y
b10 *
0/
10
0.
0-
0+
0,
b1 1
b10101111000 &
b100 %
#351000
b1010 !
b1010 5
1X
b11 $
b11 4
b11 6
b11 >
b11 ?
b11 G
b11 H
b11 P
b11 Q
b11 Y
b11 *
0/
10
0.
0-
0+
0,
b10 1
b10101111100 &
b100 %
#352000
09
1;
0C
0D
0K
1M
1U
1V
0=
0F
0O
b0 !
b0 5
0X
08
0A
0J
1S
b0 $
b0 4
b0 6
b0 >
b0 ?
b0 G
b0 H
b0 P
b0 Q
b0 Y
b1000 #
b1000 3
b1000 )
b0 *
0/
10
0.
0-
0+
0,
b11 1
b10110000000 &
b100 %
#353000
1=
1O
b1101 !
b1101 5
1X
b1 $
b1 4
b1 6
b1 >
b1 ?
b1 G
b1 H
b1 P
b1 Q
b1 Y
b1 *
1,
10
1/
1.
0+
b0 1
b10110000100 &
b100 %
#354000
b10 $
b10 4
b10 6
b10 >
b10 ?
b10 G
b10 H
b10 P
b10 Q
b10 Y
b10 *
1/
1.
10
0+
1,
b1 1
b10110001000 &
b100 %
#355000
0=
1F
b1010 !
b1010 5
0O
b11 $
b11 4
b11 6
b11 >
b11 ?
b11 G
b11 H
b11 P
b11 Q
b11 Y
b11 *
1/
1.
10
0+
1,
b10 1
b10110001100 &
b100 %
#356000
1=
19
0;
0F
b1 !
b1 5
0X
18
b0 $
b0 4
b0 6
b0 >
b0 ?
b0 G
b0 H
b0 P
b0 Q
b0 Y
b1001 #
b1001 3
b1001 )
b0 *
1/
1.
10
0+
1,
b11 1
b10110010000 &
b100 %
#357000
1O
b1101 !
b1101 5
1X
b1 $
b1 4
b1 6
b1 >
b1 ?
b1 G
b1 H
b1 P
b1 Q
b1 Y
b1 *
1.
1,
10
1/
0-
0+
b0 1
b10110010100 &
b100 %
#358000
b1100 !
b1100 5
0=
b10 $
b10 4
b10 6
b10 >
b10 ?
b10 G
b10 H
b10 P
b10 Q
b10 Y
b10 *
1.
1,
10
1/
0-
0+
b1 1
b10110011000 &
b100 %
#359000
1F
b1010 !
b1010 5
0O
b11 $
b11 4
b11 6
b11 >
b11 ?
b11 G
b11 H
b11 P
b11 Q
b11 Y
b11 *
1.
1,
10
1/
0-
0+
b10 1
b10110011100 &
b100 %
#360000
09
1;
1C
1D
0=
0F
b0 !
b0 5
0X
08
1A
b0 $
b0 4
b0 6
b0 >
b0 ?
b0 G
b0 H
b0 P
b0 Q
b0 Y
b1010 #
b1010 3
b1010 )
b0 *
1.
1,
10
1/
0-
0+
b11 1
b10110100000 &
b100 %
#361000
1=
1F
1O
b1111 !
b1111 5
1X
b1 $
b1 4
b1 6
b1 >
b1 ?
b1 G
b1 H
b1 P
b1 Q
b1 Y
b1 *
10
0+
1,
b0 1
b10110100100 &
b100 %
#362000
b10 $
b10 4
b10 6
b10 >
b10 ?
b10 G
b10 H
b10 P
b10 Q
b10 Y
b10 *
10
0+
1,
b1 1
b10110101000 &
b100 %
#363000
0=
b1010 !
b1010 5
0O
b11 $
b11 4
b11 6
b11 >
b11 ?
b11 G
b11 H
b11 P
b11 Q
b11 Y
b11 *
10
0+
1,
b10 1
b10110101100 &
b100 %
#364000
1=
19
0;
0F
b1 !
b1 5
0X
18
b0 $
b0 4
b0 6
b0 >
b0 ?
b0 G
b0 H
b0 P
b0 Q
b0 Y
b1011 #
b1011 3
b1011 )
b0 *
10
0+
1,
b11 1
b10110110000 &
b100 %
#365000
1F
1O
b1111 !
b1111 5
1X
b1 $
b1 4
b1 6
b1 >
b1 ?
b1 G
b1 H
b1 P
b1 Q
b1 Y
b1 *
1,
10
1/
0-
0+
b0 1
b10110110100 &
b100 %
#366000
b1110 !
b1110 5
0=
b10 $
b10 4
b10 6
b10 >
b10 ?
b10 G
b10 H
b10 P
b10 Q
b10 Y
b10 *
1,
10
1/
0-
0+
b1 1
b10110111000 &
b100 %
#367000
b1010 !
b1010 5
0O
b11 $
b11 4
b11 6
b11 >
b11 ?
b11 G
b11 H
b11 P
b11 Q
b11 Y
b11 *
1,
10
1/
0-
0+
b10 1
b10110111100 &
b100 %
#368000
1O
09
1;
0C
0D
1K
0M
0=
0F
b100 !
b100 5
0X
08
0A
1J
b0 $
b0 4
b0 6
b0 >
b0 ?
b0 G
b0 H
b0 P
b0 Q
b0 Y
b1100 #
b1100 3
b1100 )
b0 *
1,
10
1/
0-
0+
b11 1
b10111000000 &
b100 %
#369000
1=
b1101 !
b1101 5
1X
b1 $
b1 4
b1 6
b1 >
b1 ?
b1 G
b1 H
b1 P
b1 Q
b1 Y
b1 *
0-
1/
1.
10
0+
1,
b0 1
b10111000100 &
b100 %
#370000
b1001 !
b1001 5
0O
b10 $
b10 4
b10 6
b10 >
b10 ?
b10 G
b10 H
b10 P
b10 Q
b10 Y
b10 *
0-
1/
1.
10
0+
1,
b1 1
b10111001000 &
b100 %
#371000
0=
b1010 !
b1010 5
1F
b11 $
b11 4
b11 6
b11 >
b11 ?
b11 G
b11 H
b11 P
b11 Q
b11 Y
b11 *
0-
1/
1.
10
0+
1,
b10 1
b10111001100 &
b100 %
#372000
1=
19
0;
0F
1O
b101 !
b101 5
0X
18
b0 $
b0 4
b0 6
b0 >
b0 ?
b0 G
b0 H
b0 P
b0 Q
b0 Y
b1101 #
b1101 3
b1101 )
b0 *
0-
1/
1.
10
0+
1,
b11 1
b10111010000 &
b100 %
#373000
b1101 !
b1101 5
1X
b1 $
b1 4
b1 6
b1 >
b1 ?
b1 G
b1 H
b1 P
b1 Q
b1 Y
b1 *
1.
1,
10
1/
0-
0+
b0 1
b10111010100 &
b100 %
#374000
0=
b1000 !
b1000 5
0O
b10 $
b10 4
b10 6
b10 >
b10 ?
b10 G
b10 H
b10 P
b10 Q
b10 Y
b10 *
1.
1,
10
1/
0-
0+
b1 1
b10111011000 &
b100 %
#375000
b1010 !
b1010 5
1F
b11 $
b11 4
b11 6
b11 >
b11 ?
b11 G
b11 H
b11 P
b11 Q
b11 Y
b11 *
1.
1,
10
1/
0-
0+
b10 1
b10111011100 &
b100 %
#376000
09
1;
1C
1D
0=
0F
1O
b100 !
b100 5
0X
08
1A
b0 $
b0 4
b0 6
b0 >
b0 ?
b0 G
b0 H
b0 P
b0 Q
b0 Y
b1110 #
b1110 3
b1110 )
b0 *
1.
1,
10
1/
0-
0+
b11 1
b10111100000 &
b100 %
#377000
1=
1F
b1111 !
b1111 5
1X
b1 $
b1 4
b1 6
b1 >
b1 ?
b1 G
b1 H
b1 P
b1 Q
b1 Y
b1 *
1/
0-
10
0+
1,
b0 1
b10111100100 &
b100 %
#378000
b1011 !
b1011 5
0O
b10 $
b10 4
b10 6
b10 >
b10 ?
b10 G
b10 H
b10 P
b10 Q
b10 Y
b10 *
1/
0-
10
0+
1,
b1 1
b10111101000 &
b100 %
#379000
b1010 !
b1010 5
0=
b11 $
b11 4
b11 6
b11 >
b11 ?
b11 G
b11 H
b11 P
b11 Q
b11 Y
b11 *
1/
0-
10
0+
1,
b10 1
b10111101100 &
b100 %
#380000
1=
19
0;
0F
1O
b101 !
b101 5
0X
18
b0 $
b0 4
b0 6
b0 >
b0 ?
b0 G
b0 H
b0 P
b0 Q
b0 Y
b1111 #
b1111 3
b1111 )
b0 *
1/
0-
10
0+
1,
b11 1
b10111110000 &
b100 %
#381000
1F
b1111 !
b1111 5
1X
b1 $
b1 4
b1 6
b1 >
b1 ?
b1 G
b1 H
b1 P
b1 Q
b1 Y
b1 *
10
1/
0-
0+
b0 1
b10111110100 &
b100 %
#382000
0=
b1010 !
b1010 5
0O
b10 $
b10 4
b10 6
b10 >
b10 ?
b10 G
b10 H
b10 P
b10 Q
b10 Y
b10 *
10
1/
0-
0+
b1 1
b10111111000 &
b100 %
#383000
b11 $
b11 4
b11 6
b11 >
b11 ?
b11 G
b11 H
b11 P
b11 Q
b11 Y
b11 *
10
1/
0-
0+
b10 1
b10111111100 &
b100 %
#384000
0K
1M
0U
0V
09
0:
1<
0E
0=
0F
0O
b0 !
b0 5
0X
08
0A
0J
0S
07
1@
b0 $
b0 4
b0 6
b0 >
b0 ?
b0 G
b0 H
b0 P
b0 Q
b0 Y
b0 #
b0 3
b110 "
b110 2
b110 (
b0 )
b0 *
10
1/
0-
0+
b11 1
b11000000000 &
b100 %
#385000
1F
b110 !
b110 5
1O
b1 $
b1 4
b1 6
b1 >
b1 ?
b1 G
b1 H
b1 P
b1 Q
b1 Y
b1 *
10
0+
0/
0.
0,
b0 1
b11000000100 &
b100 %
#386000
b10 $
b10 4
b10 6
b10 >
b10 ?
b10 G
b10 H
b10 P
b10 Q
b10 Y
b10 *
10
0/
0.
0+
b1 1
b11000001000 &
b100 %
#387000
1=
0F
0O
b1001 !
b1001 5
1X
b11 $
b11 4
b11 6
b11 >
b11 ?
b11 G
b11 H
b11 P
b11 Q
b11 Y
b11 *
10
0/
0.
0+
b10 1
b11000001100 &
b100 %
#388000
1:
1;
0=
b0 !
b0 5
0X
18
b0 $
b0 4
b0 6
b0 >
b0 ?
b0 G
b0 H
b0 P
b0 Q
b0 Y
b1 #
b1 3
b1 )
b0 *
10
0/
0.
0+
b11 1
b11000010000 &
b100 %
#389000
1=
1F
b111 !
b111 5
1O
b1 $
b1 4
b1 6
b1 >
b1 ?
b1 G
b1 H
b1 P
b1 Q
b1 Y
b1 *
10
0+
0/
0.
0,
b0 1
b11000010100 &
b100 %
#390000
b10 $
b10 4
b10 6
b10 >
b10 ?
b10 G
b10 H
b10 P
b10 Q
b10 Y
b10 *
10
0+
0/
0.
0,
b1 1
b11000011000 &
b100 %
#391000
0F
0O
b1001 !
b1001 5
1X
b11 $
b11 4
b11 6
b11 >
b11 ?
b11 G
b11 H
b11 P
b11 Q
b11 Y
b11 *
10
0+
0/
0.
0,
b10 1
b11000011100 &
b100 %
#392000
1F
0:
0;
1B
0D
0=
b10 !
b10 5
0X
08
1A
b0 $
b0 4
b0 6
b0 >
b0 ?
b0 G
b0 H
b0 P
b0 Q
b0 Y
b10 #
b10 3
b10 )
b0 *
10
0+
0/
0.
0,
b11 1
b11000100000 &
b100 %
#393000
b110 !
b110 5
1O
b1 $
b1 4
b1 6
b1 >
b1 ?
b1 G
b1 H
b1 P
b1 Q
b1 Y
b1 *
0/
10
0.
0-
0+
0,
b0 1
b11000100100 &
b100 %
#394000
b100 !
b100 5
0F
b10 $
b10 4
b10 6
b10 >
b10 ?
b10 G
b10 H
b10 P
b10 Q
b10 Y
b10 *
0/
10
0.
0-
0+
0,
b1 1
b11000101000 &
b100 %
#395000
1=
0O
b1001 !
b1001 5
1X
b11 $
b11 4
b11 6
b11 >
b11 ?
b11 G
b11 H
b11 P
b11 Q
b11 Y
b11 *
0/
10
0.
0-
0+
0,
b10 1
b11000101100 &
b100 %
#396000
1:
1;
0=
1F
b10 !
b10 5
0X
18
b0 $
b0 4
b0 6
b0 >
b0 ?
b0 G
b0 H
b0 P
b0 Q
b0 Y
b11 #
b11 3
b11 )
b0 *
0/
10
0.
0-
0+
0,
b11 1
b11000110000 &
b100 %
#397000
1=
b111 !
b111 5
1O
b1 $
b1 4
b1 6
b1 >
b1 ?
b1 G
b1 H
b1 P
b1 Q
b1 Y
b1 *
10
0-
0+
0/
0.
0,
b0 1
b11000110100 &
b100 %
#398000
b101 !
b101 5
0F
b10 $
b10 4
b10 6
b10 >
b10 ?
b10 G
b10 H
b10 P
b10 Q
b10 Y
b10 *
10
0-
0+
0/
0.
0,
b1 1
b11000111000 &
b100 %
#399000
0O
b1001 !
b1001 5
1X
b11 $
b11 4
b11 6
b11 >
b11 ?
b11 G
b11 H
b11 P
b11 Q
b11 Y
b11 *
10
0-
0+
0/
0.
0,
b10 1
b11000111100 &
b100 %
#400000
1O
0:
0;
0B
1D
1K
0M
0=
0F
b100 !
b100 5
0X
08
0A
1J
b0 $
b0 4
b0 6
b0 >
b0 ?
b0 G
b0 H
b0 P
b0 Q
b0 Y
b100 #
b100 3
b100 )
b0 *
10
0-
0+
0/
0.
0,
b11 1
b11001000000 &
b100 %
#401000
b110 !
b110 5
1F
b1 $
b1 4
b1 6
b1 >
b1 ?
b1 G
b1 H
b1 P
b1 Q
b1 Y
b1 *
0-
0,
10
0/
0.
0+
b0 1
b11001000100 &
b100 %
#402000
b10 !
b10 5
0O
b10 $
b10 4
b10 6
b10 >
b10 ?
b10 G
b10 H
b10 P
b10 Q
b10 Y
b10 *
0-
0,
10
0/
0.
0+
b1 1
b11001001000 &
b100 %
#403000
1=
0F
b1001 !
b1001 5
1X
b11 $
b11 4
b11 6
b11 >
b11 ?
b11 G
b11 H
b11 P
b11 Q
b11 Y
b11 *
0-
0,
10
0/
0.
0+
b10 1
b11001001100 &
b100 %
#404000
1:
1;
0=
1O
b100 !
b100 5
0X
18
b0 $
b0 4
b0 6
b0 >
b0 ?
b0 G
b0 H
b0 P
b0 Q
b0 Y
b101 #
b101 3
b101 )
b0 *
0-
0,
10
0/
0.
0+
b11 1
b11001010000 &
b100 %
#405000
1=
b111 !
b111 5
1F
b1 $
b1 4
b1 6
b1 >
b1 ?
b1 G
b1 H
b1 P
b1 Q
b1 Y
b1 *
0-
10
0+
0/
0.
0,
b0 1
b11001010100 &
b100 %
#406000
b11 !
b11 5
0O
b10 $
b10 4
b10 6
b10 >
b10 ?
b10 G
b10 H
b10 P
b10 Q
b10 Y
b10 *
0-
10
0+
0/
0.
0,
b1 1
b11001011000 &
b100 %
#407000
0F
b1001 !
b1001 5
1X
b11 $
b11 4
b11 6
b11 >
b11 ?
b11 G
b11 H
b11 P
b11 Q
b11 Y
b11 *
0-
10
0+
0/
0.
0,
b10 1
b11001011100 &
b100 %
#408000
1F
0:
0;
1B
0D
0=
1O
b110 !
b110 5
0X
08
1A
b0 $
b0 4
b0 6
b0 >
b0 ?
b0 G
b0 H
b0 P
b0 Q
b0 Y
b110 #
b110 3
b110 )
b0 *
0-
10
0+
0/
0.
0,
b11 1
b11001100000 &
b100 %
#409000
b1 $
b1 4
b1 6
b1 >
b1 ?
b1 G
b1 H
b1 P
b1 Q
b1 Y
b1 *
10
0.
0-
0+
0,
b0 1
b11001100100 &
b100 %
#410000
0F
b0 !
b0 5
0O
b10 $
b10 4
b10 6
b10 >
b10 ?
b10 G
b10 H
b10 P
b10 Q
b10 Y
b10 *
10
0.
0-
0+
0,
b1 1
b11001101000 &
b100 %
#411000
1=
b1001 !
b1001 5
1X
b11 $
b11 4
b11 6
b11 >
b11 ?
b11 G
b11 H
b11 P
b11 Q
b11 Y
b11 *
10
0.
0-
0+
0,
b10 1
b11001101100 &
b100 %
#412000
1:
1;
0=
1F
1O
b110 !
b110 5
0X
18
b0 $
b0 4
b0 6
b0 >
b0 ?
b0 G
b0 H
b0 P
b0 Q
b0 Y
b111 #
b111 3
b111 )
b0 *
10
0.
0-
0+
0,
b11 1
b11001110000 &
b100 %
#413000
b111 !
b111 5
1=
b1 $
b1 4
b1 6
b1 >
b1 ?
b1 G
b1 H
b1 P
b1 Q
b1 Y
b1 *
10
0-
0+
0/
0.
0,
b0 1
b11001110100 &
b100 %
#414000
0F
b1 !
b1 5
0O
b10 $
b10 4
b10 6
b10 >
b10 ?
b10 G
b10 H
b10 P
b10 Q
b10 Y
b10 *
10
0-
0+
0/
0.
0,
b1 1
b11001111000 &
b100 %
#415000
b1001 !
b1001 5
1X
b11 $
b11 4
b11 6
b11 >
b11 ?
b11 G
b11 H
b11 P
b11 Q
b11 Y
b11 *
10
0-
0+
0/
0.
0,
b10 1
b11001111100 &
b100 %
#416000
0:
0;
0B
1D
0K
1M
1U
1V
0=
0F
0O
b0 !
b0 5
0X
08
0A
0J
1S
b0 $
b0 4
b0 6
b0 >
b0 ?
b0 G
b0 H
b0 P
b0 Q
b0 Y
b1000 #
b1000 3
b1000 )
b0 *
10
0-
0+
0/
0.
0,
b11 1
b11010000000 &
b100 %
#417000
1F
1O
b1110 !
b1110 5
1X
b1 $
b1 4
b1 6
b1 >
b1 ?
b1 G
b1 H
b1 P
b1 Q
b1 Y
b1 *
1,
10
1/
1.
0+
b0 1
b11010000100 &
b100 %
#418000
b10 $
b10 4
b10 6
b10 >
b10 ?
b10 G
b10 H
b10 P
b10 Q
b10 Y
b10 *
10
0+
1/
1.
1,
b1 1
b11010001000 &
b100 %
#419000
1=
0F
b1001 !
b1001 5
0O
b11 $
b11 4
b11 6
b11 >
b11 ?
b11 G
b11 H
b11 P
b11 Q
b11 Y
b11 *
10
0+
1/
1.
1,
b10 1
b11010001100 &
b100 %
#420000
1:
1;
0=
b0 !
b0 5
0X
18
b0 $
b0 4
b0 6
b0 >
b0 ?
b0 G
b0 H
b0 P
b0 Q
b0 Y
b1001 #
b1001 3
b1001 )
b0 *
10
0+
1/
1.
1,
b11 1
b11010010000 &
b100 %
#421000
1=
1F
1O
b1111 !
b1111 5
1X
b1 $
b1 4
b1 6
b1 >
b1 ?
b1 G
b1 H
b1 P
b1 Q
b1 Y
b1 *
10
0+
1,
b0 1
b11010010100 &
b100 %
#422000
b10 $
b10 4
b10 6
b10 >
b10 ?
b10 G
b10 H
b10 P
b10 Q
b10 Y
b10 *
10
0+
1,
b1 1
b11010011000 &
b100 %
#423000
0F
b1001 !
b1001 5
0O
b11 $
b11 4
b11 6
b11 >
b11 ?
b11 G
b11 H
b11 P
b11 Q
b11 Y
b11 *
10
0+
1,
b10 1
b11010011100 &
b100 %
#424000
1F
0:
0;
1B
0D
0=
b10 !
b10 5
0X
08
1A
b0 $
b0 4
b0 6
b0 >
b0 ?
b0 G
b0 H
b0 P
b0 Q
b0 Y
b1010 #
b1010 3
b1010 )
b0 *
10
0+
1,
b11 1
b11010100000 &
b100 %
#425000
1O
b1110 !
b1110 5
1X
b1 $
b1 4
b1 6
b1 >
b1 ?
b1 G
b1 H
b1 P
b1 Q
b1 Y
b1 *
10
0-
0+
1/
1.
1,
b0 1
b11010100100 &
b100 %
#426000
b1100 !
b1100 5
0F
b10 $
b10 4
b10 6
b10 >
b10 ?
b10 G
b10 H
b10 P
b10 Q
b10 Y
b10 *
10
0-
0+
1/
1.
1,
b1 1
b11010101000 &
b100 %
#427000
1=
b1001 !
b1001 5
0O
b11 $
b11 4
b11 6
b11 >
b11 ?
b11 G
b11 H
b11 P
b11 Q
b11 Y
b11 *
10
0-
0+
1/
1.
1,
b10 1
b11010101100 &
b100 %
#428000
1:
1;
0=
1F
b10 !
b10 5
0X
18
b0 $
b0 4
b0 6
b0 >
b0 ?
b0 G
b0 H
b0 P
b0 Q
b0 Y
b1011 #
b1011 3
b1011 )
b0 *
10
0-
0+
1/
1.
1,
b11 1
b11010110000 &
b100 %
#429000
1=
1O
b1111 !
b1111 5
1X
b1 $
b1 4
b1 6
b1 >
b1 ?
b1 G
b1 H
b1 P
b1 Q
b1 Y
b1 *
1,
10
1/
0-
0+
b0 1
b11010110100 &
b100 %
#430000
b1101 !
b1101 5
0F
b10 $
b10 4
b10 6
b10 >
b10 ?
b10 G
b10 H
b10 P
b10 Q
b10 Y
b10 *
1,
10
1/
0-
0+
b1 1
b11010111000 &
b100 %
#431000
b1001 !
b1001 5
0O
b11 $
b11 4
b11 6
b11 >
b11 ?
b11 G
b11 H
b11 P
b11 Q
b11 Y
b11 *
1,
10
1/
0-
0+
b10 1
b11010111100 &
b100 %
#432000
1O
0:
0;
0B
1D
1K
0M
0=
0F
b100 !
b100 5
0X
08
0A
1J
b0 $
b0 4
b0 6
b0 >
b0 ?
b0 G
b0 H
b0 P
b0 Q
b0 Y
b1100 #
b1100 3
b1100 )
b0 *
1,
10
1/
0-
0+
b11 1
b11011000000 &
b100 %
#433000
1F
b1110 !
b1110 5
1X
b1 $
b1 4
b1 6
b1 >
b1 ?
b1 G
b1 H
b1 P
b1 Q
b1 Y
b1 *
0-
10
0+
1/
1.
1,
b0 1
b11011000100 &
b100 %
#434000
b1010 !
b1010 5
0O
b10 $
b10 4
b10 6
b10 >
b10 ?
b10 G
b10 H
b10 P
b10 Q
b10 Y
b10 *
0-
10
0+
1/
1.
1,
b1 1
b11011001000 &
b100 %
#435000
1=
b1001 !
b1001 5
0F
b11 $
b11 4
b11 6
b11 >
b11 ?
b11 G
b11 H
b11 P
b11 Q
b11 Y
b11 *
0-
10
0+
1/
1.
1,
b10 1
b11011001100 &
b100 %
#436000
1:
1;
0=
1O
b100 !
b100 5
0X
18
b0 $
b0 4
b0 6
b0 >
b0 ?
b0 G
b0 H
b0 P
b0 Q
b0 Y
b1101 #
b1101 3
b1101 )
b0 *
0-
10
0+
1/
1.
1,
b11 1
b11011010000 &
b100 %
#437000
1=
1F
b1111 !
b1111 5
1X
b1 $
b1 4
b1 6
b1 >
b1 ?
b1 G
b1 H
b1 P
b1 Q
b1 Y
b1 *
1/
0-
10
0+
1,
b0 1
b11011010100 &
b100 %
#438000
b1011 !
b1011 5
0O
b10 $
b10 4
b10 6
b10 >
b10 ?
b10 G
b10 H
b10 P
b10 Q
b10 Y
b10 *
1/
0-
10
0+
1,
b1 1
b11011011000 &
b100 %
#439000
b1001 !
b1001 5
0F
b11 $
b11 4
b11 6
b11 >
b11 ?
b11 G
b11 H
b11 P
b11 Q
b11 Y
b11 *
1/
0-
10
0+
1,
b10 1
b11011011100 &
b100 %
#440000
1F
0:
0;
1B
0D
0=
1O
b110 !
b110 5
0X
08
1A
b0 $
b0 4
b0 6
b0 >
b0 ?
b0 G
b0 H
b0 P
b0 Q
b0 Y
b1110 #
b1110 3
b1110 )
b0 *
1/
0-
10
0+
1,
b11 1
b11011100000 &
b100 %
#441000
b1110 !
b1110 5
1X
b1 $
b1 4
b1 6
b1 >
b1 ?
b1 G
b1 H
b1 P
b1 Q
b1 Y
b1 *
10
0-
0+
1/
1.
1,
b0 1
b11011100100 &
b100 %
#442000
0F
b1000 !
b1000 5
0O
b10 $
b10 4
b10 6
b10 >
b10 ?
b10 G
b10 H
b10 P
b10 Q
b10 Y
b10 *
10
0-
0+
1/
1.
1,
b1 1
b11011101000 &
b100 %
#443000
b1001 !
b1001 5
1=
b11 $
b11 4
b11 6
b11 >
b11 ?
b11 G
b11 H
b11 P
b11 Q
b11 Y
b11 *
10
0-
0+
1/
1.
1,
b10 1
b11011101100 &
b100 %
#444000
1:
1;
0=
1F
1O
b110 !
b110 5
0X
18
b0 $
b0 4
b0 6
b0 >
b0 ?
b0 G
b0 H
b0 P
b0 Q
b0 Y
b1111 #
b1111 3
b1111 )
b0 *
10
0-
0+
1/
1.
1,
b11 1
b11011110000 &
b100 %
#445000
1=
b1111 !
b1111 5
1X
b1 $
b1 4
b1 6
b1 >
b1 ?
b1 G
b1 H
b1 P
b1 Q
b1 Y
b1 *
10
1/
0-
0+
b0 1
b11011110100 &
b100 %
#446000
0F
b1001 !
b1001 5
0O
b10 $
b10 4
b10 6
b10 >
b10 ?
b10 G
b10 H
b10 P
b10 Q
b10 Y
b10 *
10
1/
0-
0+
b1 1
b11011111000 &
b100 %
#447000
b11 $
b11 4
b11 6
b11 >
b11 ?
b11 G
b11 H
b11 P
b11 Q
b11 Y
b11 *
10
1/
0-
0+
b10 1
b11011111100 &
b100 %
#448000
0B
1D
0K
1M
0U
0V
0<
0=
0F
0O
b0 !
b0 5
0X
08
0A
0J
0S
17
b0 $
b0 4
b0 6
b0 >
b0 ?
b0 G
b0 H
b0 P
b0 Q
b0 Y
b0 #
b0 3
b111 "
b111 2
b111 (
b0 )
b0 *
10
1/
0-
0+
b11 1
b11100000000 &
b100 %
#449000
1=
1F
b111 !
b111 5
1O
b1 $
b1 4
b1 6
b1 >
b1 ?
b1 G
b1 H
b1 P
b1 Q
b1 Y
b1 *
0/
0.
10
0+
0,
b0 1
b11100000100 &
b100 %
#450000
b10 $
b10 4
b10 6
b10 >
b10 ?
b10 G
b10 H
b10 P
b10 Q
b10 Y
b10 *
10
0/
0.
0+
b1 1
b11100001000 &
b100 %
#451000
0=
0F
0O
b1000 !
b1000 5
1X
b11 $
b11 4
b11 6
b11 >
b11 ?
b11 G
b11 H
b11 P
b11 Q
b11 Y
b11 *
10
0/
0.
0+
b10 1
b11100001100 &
b100 %
#452000
1=
19
0;
b1 !
b1 5
0X
18
b0 $
b0 4
b0 6
b0 >
b0 ?
b0 G
b0 H
b0 P
b0 Q
b0 Y
b1 #
b1 3
b1 )
b0 *
10
0/
0.
0+
b11 1
b11100010000 &
b100 %
#453000
1F
b111 !
b111 5
1O
b1 $
b1 4
b1 6
b1 >
b1 ?
b1 G
b1 H
b1 P
b1 Q
b1 Y
b1 *
0/
10
0.
0-
0+
0,
b0 1
b11100010100 &
b100 %
#454000
b110 !
b110 5
0=
b10 $
b10 4
b10 6
b10 >
b10 ?
b10 G
b10 H
b10 P
b10 Q
b10 Y
b10 *
0/
10
0.
0-
0+
0,
b1 1
b11100011000 &
b100 %
#455000
0F
0O
b1000 !
b1000 5
1X
b11 $
b11 4
b11 6
b11 >
b11 ?
b11 G
b11 H
b11 P
b11 Q
b11 Y
b11 *
0/
10
0.
0-
0+
0,
b10 1
b11100011100 &
b100 %
#456000
1F
09
1;
1B
0D
0=
b10 !
b10 5
0X
08
1A
b0 $
b0 4
b0 6
b0 >
b0 ?
b0 G
b0 H
b0 P
b0 Q
b0 Y
b10 #
b10 3
b10 )
b0 *
0/
10
0.
0-
0+
0,
b11 1
b11100100000 &
b100 %
#457000
1=
b111 !
b111 5
1O
b1 $
b1 4
b1 6
b1 >
b1 ?
b1 G
b1 H
b1 P
b1 Q
b1 Y
b1 *
0-
0,
10
0/
0.
0+
b0 1
b11100100100 &
b100 %
#458000
b101 !
b101 5
0F
b10 $
b10 4
b10 6
b10 >
b10 ?
b10 G
b10 H
b10 P
b10 Q
b10 Y
b10 *
0-
0,
10
0/
0.
0+
b1 1
b11100101000 &
b100 %
#459000
0=
0O
b1000 !
b1000 5
1X
b11 $
b11 4
b11 6
b11 >
b11 ?
b11 G
b11 H
b11 P
b11 Q
b11 Y
b11 *
0-
0,
10
0/
0.
0+
b10 1
b11100101100 &
b100 %
#460000
1=
19
0;
1F
b11 !
b11 5
0X
18
b0 $
b0 4
b0 6
b0 >
b0 ?
b0 G
b0 H
b0 P
b0 Q
b0 Y
b11 #
b11 3
b11 )
b0 *
0-
0,
10
0/
0.
0+
b11 1
b11100110000 &
b100 %
#461000
b111 !
b111 5
1O
b1 $
b1 4
b1 6
b1 >
b1 ?
b1 G
b1 H
b1 P
b1 Q
b1 Y
b1 *
0/
10
0.
0-
0+
0,
b0 1
b11100110100 &
b100 %
#462000
0=
b100 !
b100 5
0F
b10 $
b10 4
b10 6
b10 >
b10 ?
b10 G
b10 H
b10 P
b10 Q
b10 Y
b10 *
0/
10
0.
0-
0+
0,
b1 1
b11100111000 &
b100 %
#463000
0O
b1000 !
b1000 5
1X
b11 $
b11 4
b11 6
b11 >
b11 ?
b11 G
b11 H
b11 P
b11 Q
b11 Y
b11 *
0/
10
0.
0-
0+
0,
b10 1
b11100111100 &
b100 %
#464000
1O
09
1;
0B
1D
1K
0M
0=
0F
b100 !
b100 5
0X
08
0A
1J
b0 $
b0 4
b0 6
b0 >
b0 ?
b0 G
b0 H
b0 P
b0 Q
b0 Y
b100 #
b100 3
b100 )
b0 *
0/
10
0.
0-
0+
0,
b11 1
b11101000000 &
b100 %
#465000
1=
b111 !
b111 5
1F
b1 $
b1 4
b1 6
b1 >
b1 ?
b1 G
b1 H
b1 P
b1 Q
b1 Y
b1 *
0-
0,
10
0/
0.
0+
b0 1
b11101000100 &
b100 %
#466000
b11 !
b11 5
0O
b10 $
b10 4
b10 6
b10 >
b10 ?
b10 G
b10 H
b10 P
b10 Q
b10 Y
b10 *
0-
0,
10
0/
0.
0+
b1 1
b11101001000 &
b100 %
#467000
0=
0F
b1000 !
b1000 5
1X
b11 $
b11 4
b11 6
b11 >
b11 ?
b11 G
b11 H
b11 P
b11 Q
b11 Y
b11 *
0-
0,
10
0/
0.
0+
b10 1
b11101001100 &
b100 %
#468000
1=
19
0;
1O
b101 !
b101 5
0X
18
b0 $
b0 4
b0 6
b0 >
b0 ?
b0 G
b0 H
b0 P
b0 Q
b0 Y
b101 #
b101 3
b101 )
b0 *
0-
0,
10
0/
0.
0+
b11 1
b11101010000 &
b100 %
#469000
b111 !
b111 5
1F
b1 $
b1 4
b1 6
b1 >
b1 ?
b1 G
b1 H
b1 P
b1 Q
b1 Y
b1 *
0/
10
0.
0-
0+
0,
b0 1
b11101010100 &
b100 %
#470000
0=
b10 !
b10 5
0O
b10 $
b10 4
b10 6
b10 >
b10 ?
b10 G
b10 H
b10 P
b10 Q
b10 Y
b10 *
0/
10
0.
0-
0+
0,
b1 1
b11101011000 &
b100 %
#471000
0F
b1000 !
b1000 5
1X
b11 $
b11 4
b11 6
b11 >
b11 ?
b11 G
b11 H
b11 P
b11 Q
b11 Y
b11 *
0/
10
0.
0-
0+
0,
b10 1
b11101011100 &
b100 %
#472000
1F
09
1;
1B
0D
0=
1O
b110 !
b110 5
0X
08
1A
b0 $
b0 4
b0 6
b0 >
b0 ?
b0 G
b0 H
b0 P
b0 Q
b0 Y
b110 #
b110 3
b110 )
b0 *
0/
10
0.
0-
0+
0,
b11 1
b11101100000 &
b100 %
#473000
b111 !
b111 5
1=
b1 $
b1 4
b1 6
b1 >
b1 ?
b1 G
b1 H
b1 P
b1 Q
b1 Y
b1 *
0-
0,
10
0/
0.
0+
b0 1
b11101100100 &
b100 %
#474000
0F
b1 !
b1 5
0O
b10 $
b10 4
b10 6
b10 >
b10 ?
b10 G
b10 H
b10 P
b10 Q
b10 Y
b10 *
0-
0,
10
0/
0.
0+
b1 1
b11101101000 &
b100 %
#475000
0=
b1000 !
b1000 5
1X
b11 $
b11 4
b11 6
b11 >
b11 ?
b11 G
b11 H
b11 P
b11 Q
b11 Y
b11 *
0-
0,
10
0/
0.
0+
b10 1
b11101101100 &
b100 %
#476000
1=
19
0;
1F
1O
b111 !
b111 5
0X
18
b0 $
b0 4
b0 6
b0 >
b0 ?
b0 G
b0 H
b0 P
b0 Q
b0 Y
b111 #
b111 3
b111 )
b0 *
0-
0,
10
0/
0.
0+
b11 1
b11101110000 &
b100 %
#477000
b1 $
b1 4
b1 6
b1 >
b1 ?
b1 G
b1 H
b1 P
b1 Q
b1 Y
b1 *
10
0.
0-
0+
0,
b0 1
b11101110100 &
b100 %
#478000
0=
0F
b0 !
b0 5
0O
b10 $
b10 4
b10 6
b10 >
b10 ?
b10 G
b10 H
b10 P
b10 Q
b10 Y
b10 *
10
0.
0-
0+
0,
b1 1
b11101111000 &
b100 %
#479000
b1000 !
b1000 5
1X
b11 $
b11 4
b11 6
b11 >
b11 ?
b11 G
b11 H
b11 P
b11 Q
b11 Y
b11 *
10
0.
0-
0+
0,
b10 1
b11101111100 &
b100 %
#480000
09
1;
0B
1D
0K
1M
1U
1V
0=
0F
0O
b0 !
b0 5
0X
08
0A
0J
1S
b0 $
b0 4
b0 6
b0 >
b0 ?
b0 G
b0 H
b0 P
b0 Q
b0 Y
b1000 #
b1000 3
b1000 )
b0 *
10
0.
0-
0+
0,
b11 1
b11110000000 &
b100 %
#481000
1=
1F
1O
b1111 !
b1111 5
1X
b1 $
b1 4
b1 6
b1 >
b1 ?
b1 G
b1 H
b1 P
b1 Q
b1 Y
b1 *
1,
10
1/
1.
0+
b0 1
b11110000100 &
b100 %
#482000
b10 $
b10 4
b10 6
b10 >
b10 ?
b10 G
b10 H
b10 P
b10 Q
b10 Y
b10 *
10
0+
1,
b1 1
b11110001000 &
b100 %
#483000
0=
0F
b1000 !
b1000 5
0O
b11 $
b11 4
b11 6
b11 >
b11 ?
b11 G
b11 H
b11 P
b11 Q
b11 Y
b11 *
10
0+
1,
b10 1
b11110001100 &
b100 %
#484000
1=
19
0;
b1 !
b1 5
0X
18
b0 $
b0 4
b0 6
b0 >
b0 ?
b0 G
b0 H
b0 P
b0 Q
b0 Y
b1001 #
b1001 3
b1001 )
b0 *
10
0+
1,
b11 1
b11110010000 &
b100 %
#485000
1F
1O
b1111 !
b1111 5
1X
b1 $
b1 4
b1 6
b1 >
b1 ?
b1 G
b1 H
b1 P
b1 Q
b1 Y
b1 *
1,
10
1/
0-
0+
b0 1
b11110010100 &
b100 %
#486000
b1110 !
b1110 5
0=
b10 $
b10 4
b10 6
b10 >
b10 ?
b10 G
b10 H
b10 P
b10 Q
b10 Y
b10 *
1,
10
1/
0-
0+
b1 1
b11110011000 &
b100 %
#487000
0F
b1000 !
b1000 5
0O
b11 $
b11 4
b11 6
b11 >
b11 ?
b11 G
b11 H
b11 P
b11 Q
b11 Y
b11 *
1,
10
1/
0-
0+
b10 1
b11110011100 &
b100 %
#488000
1F
09
1;
1B
0D
0=
b10 !
b10 5
0X
08
1A
b0 $
b0 4
b0 6
b0 >
b0 ?
b0 G
b0 H
b0 P
b0 Q
b0 Y
b1010 #
b1010 3
b1010 )
b0 *
1,
10
1/
0-
0+
b11 1
b11110100000 &
b100 %
#489000
1=
1O
b1111 !
b1111 5
1X
b1 $
b1 4
b1 6
b1 >
b1 ?
b1 G
b1 H
b1 P
b1 Q
b1 Y
b1 *
1/
0-
10
0+
1,
b0 1
b11110100100 &
b100 %
#490000
b1101 !
b1101 5
0F
b10 $
b10 4
b10 6
b10 >
b10 ?
b10 G
b10 H
b10 P
b10 Q
b10 Y
b10 *
1/
0-
10
0+
1,
b1 1
b11110101000 &
b100 %
#491000
0=
b1000 !
b1000 5
0O
b11 $
b11 4
b11 6
b11 >
b11 ?
b11 G
b11 H
b11 P
b11 Q
b11 Y
b11 *
1/
0-
10
0+
1,
b10 1
b11110101100 &
b100 %
#492000
1=
19
0;
1F
b11 !
b11 5
0X
18
b0 $
b0 4
b0 6
b0 >
b0 ?
b0 G
b0 H
b0 P
b0 Q
b0 Y
b1011 #
b1011 3
b1011 )
b0 *
1/
0-
10
0+
1,
b11 1
b11110110000 &
b100 %
#493000
1O
b1111 !
b1111 5
1X
b1 $
b1 4
b1 6
b1 >
b1 ?
b1 G
b1 H
b1 P
b1 Q
b1 Y
b1 *
1,
10
1/
0-
0+
b0 1
b11110110100 &
b100 %
#494000
0=
b1100 !
b1100 5
0F
b10 $
b10 4
b10 6
b10 >
b10 ?
b10 G
b10 H
b10 P
b10 Q
b10 Y
b10 *
1,
10
1/
0-
0+
b1 1
b11110111000 &
b100 %
#495000
b1000 !
b1000 5
0O
b11 $
b11 4
b11 6
b11 >
b11 ?
b11 G
b11 H
b11 P
b11 Q
b11 Y
b11 *
1,
10
1/
0-
0+
b10 1
b11110111100 &
b100 %
#496000
1O
09
1;
0B
1D
1K
0M
0=
0F
b100 !
b100 5
0X
08
0A
1J
b0 $
b0 4
b0 6
b0 >
b0 ?
b0 G
b0 H
b0 P
b0 Q
b0 Y
b1100 #
b1100 3
b1100 )
b0 *
1,
10
1/
0-
0+
b11 1
b11111000000 &
b100 %
#497000
1=
1F
b1111 !
b1111 5
1X
b1 $
b1 4
b1 6
b1 >
b1 ?
b1 G
b1 H
b1 P
b1 Q
b1 Y
b1 *
1/
0-
10
0+
1,
b0 1
b11111000100 &
b100 %
#498000
b1011 !
b1011 5
0O
b10 $
b10 4
b10 6
b10 >
b10 ?
b10 G
b10 H
b10 P
b10 Q
b10 Y
b10 *
1/
0-
10
0+
1,
b1 1
b11111001000 &
b100 %
#499000
0=
b1000 !
b1000 5
0F
b11 $
b11 4
b11 6
b11 >
b11 ?
b11 G
b11 H
b11 P
b11 Q
b11 Y
b11 *
1/
0-
10
0+
1,
b10 1
b11111001100 &
b100 %
#500000
1=
19
0;
1O
b101 !
b101 5
0X
18
b0 $
b0 4
b0 6
b0 >
b0 ?
b0 G
b0 H
b0 P
b0 Q
b0 Y
b1101 #
b1101 3
b1101 )
b0 *
1/
0-
10
0+
1,
b11 1
b11111010000 &
b100 %
#501000
1F
b1111 !
b1111 5
1X
b1 $
b1 4
b1 6
b1 >
b1 ?
b1 G
b1 H
b1 P
b1 Q
b1 Y
b1 *
1,
10
1/
0-
0+
b0 1
b11111010100 &
b100 %
#502000
0=
b1010 !
b1010 5
0O
b10 $
b10 4
b10 6
b10 >
b10 ?
b10 G
b10 H
b10 P
b10 Q
b10 Y
b10 *
1,
10
1/
0-
0+
b1 1
b11111011000 &
b100 %
#503000
b1000 !
b1000 5
0F
b11 $
b11 4
b11 6
b11 >
b11 ?
b11 G
b11 H
b11 P
b11 Q
b11 Y
b11 *
1,
10
1/
0-
0+
b10 1
b11111011100 &
b100 %
#504000
1F
09
1;
1B
0D
0=
1O
b110 !
b110 5
0X
08
1A
b0 $
b0 4
b0 6
b0 >
b0 ?
b0 G
b0 H
b0 P
b0 Q
b0 Y
b1110 #
b1110 3
b1110 )
b0 *
1,
10
1/
0-
0+
b11 1
b11111100000 &
b100 %
#505000
1=
b1111 !
b1111 5
1X
b1 $
b1 4
b1 6
b1 >
b1 ?
b1 G
b1 H
b1 P
b1 Q
b1 Y
b1 *
1/
0-
10
0+
1,
b0 1
b11111100100 &
b100 %
#506000
0F
b1001 !
b1001 5
0O
b10 $
b10 4
b10 6
b10 >
b10 ?
b10 G
b10 H
b10 P
b10 Q
b10 Y
b10 *
1/
0-
10
0+
1,
b1 1
b11111101000 &
b100 %
#507000
b1000 !
b1000 5
0=
b11 $
b11 4
b11 6
b11 >
b11 ?
b11 G
b11 H
b11 P
b11 Q
b11 Y
b11 *
1/
0-
10
0+
1,
b10 1
b11111101100 &
b100 %
#508000
1=
19
0;
1F
1O
b111 !
b111 5
0X
18
b0 $
b0 4
b0 6
b0 >
b0 ?
b0 G
b0 H
b0 P
b0 Q
b0 Y
b1111 #
b1111 3
b1111 )
b0 *
1/
0-
10
0+
1,
b11 1
b11111110000 &
b100 %
#509000
b1111 !
b1111 5
1X
b1 $
b1 4
b1 6
b1 >
b1 ?
b1 G
b1 H
b1 P
b1 Q
b1 Y
b1 *
10
1/
0-
0+
b0 1
b11111110100 &
b100 %
#510000
0=
0F
b1000 !
b1000 5
0O
b10 $
b10 4
b10 6
b10 >
b10 ?
b10 G
b10 H
b10 P
b10 Q
b10 Y
b10 *
10
1/
0-
0+
b1 1
b11111111000 &
b100 %
#511000
b11 $
b11 4
b11 6
b11 >
b11 ?
b11 G
b11 H
b11 P
b11 Q
b11 Y
b11 *
10
1/
0-
0+
b10 1
b11111111100 &
b100 %
#512000
09
0:
1<
0B
0C
1E
0K
0L
1N
0W
0=
0F
0O
b0 !
b0 5
0X
08
0A
0J
0S
07
0@
0I
1R
b0 $
b0 4
b0 6
b0 >
b0 ?
b0 G
b0 H
b0 P
b0 Q
b0 Y
b0 #
b0 3
b1000 "
b1000 2
b1000 (
b0 )
b0 *
10
1/
0-
0+
b11 1
b100000000000 &
b100 %
#513000
b1000 !
b1000 5
1X
b1 $
b1 4
b1 6
b1 >
b1 ?
b1 G
b1 H
b1 P
b1 Q
b1 Y
b1 *
00
1+
1/
1.
0,
b0 1
b100000000100 &
b100 %
#514000
b10 $
b10 4
b10 6
b10 >
b10 ?
b10 G
b10 H
b10 P
b10 Q
b10 Y
b10 *
00
1/
1.
1+
b1 1
b100000001000 &
b100 %
#515000
1=
1F
1O
b111 !
b111 5
0X
b11 $
b11 4
b11 6
b11 >
b11 ?
b11 G
b11 H
b11 P
b11 Q
b11 Y
b11 *
00
1/
1.
1+
b10 1
b100000001100 &
b100 %
#516000
1:
1;
0=
0F
b0 !
b0 5
0O
18
b0 $
b0 4
b0 6
b0 >
b0 ?
b0 G
b0 H
b0 P
b0 Q
b0 Y
b1 #
b1 3
b1 )
b0 *
00
1/
1.
1+
b11 1
b100000010000 &
b100 %
#517000
1=
b1001 !
b1001 5
1X
b1 $
b1 4
b1 6
b1 >
b1 ?
b1 G
b1 H
b1 P
b1 Q
b1 Y
b1 *
1/
1.
00
1+
0,
b0 1
b100000010100 &
b100 %
#518000
b10 $
b10 4
b10 6
b10 >
b10 ?
b10 G
b10 H
b10 P
b10 Q
b10 Y
b10 *
1/
1.
00
1+
0,
b1 1
b100000011000 &
b100 %
#519000
1F
1O
b111 !
b111 5
0X
b11 $
b11 4
b11 6
b11 >
b11 ?
b11 G
b11 H
b11 P
b11 Q
b11 Y
b11 *
1/
1.
00
1+
0,
b10 1
b100000011100 &
b100 %
#520000
0:
0;
1C
1D
0=
0F
b0 !
b0 5
0O
08
1A
b0 $
b0 4
b0 6
b0 >
b0 ?
b0 G
b0 H
b0 P
b0 Q
b0 Y
b10 #
b10 3
b10 )
b0 *
1/
1.
00
1+
0,
b11 1
b100000100000 &
b100 %
#521000
1F
b1010 !
b1010 5
1X
b1 $
b1 4
b1 6
b1 >
b1 ?
b1 G
b1 H
b1 P
b1 Q
b1 Y
b1 *
0,
00
1/
1.
1+
b0 1
b100000100100 &
b100 %
#522000
b10 $
b10 4
b10 6
b10 >
b10 ?
b10 G
b10 H
b10 P
b10 Q
b10 Y
b10 *
0,
00
1/
1.
1+
b1 1
b100000101000 &
b100 %
#523000
1=
1O
b111 !
b111 5
0X
b11 $
b11 4
b11 6
b11 >
b11 ?
b11 G
b11 H
b11 P
b11 Q
b11 Y
b11 *
0,
00
1/
1.
1+
b10 1
b100000101100 &
b100 %
#524000
1:
1;
0=
0F
b0 !
b0 5
0O
18
b0 $
b0 4
b0 6
b0 >
b0 ?
b0 G
b0 H
b0 P
b0 Q
b0 Y
b11 #
b11 3
b11 )
b0 *
0,
00
1/
1.
1+
b11 1
b100000110000 &
b100 %
#525000
1=
1F
b1011 !
b1011 5
1X
b1 $
b1 4
b1 6
b1 >
b1 ?
b1 G
b1 H
b1 P
b1 Q
b1 Y
b1 *
1/
1.
00
1+
0,
b0 1
b100000110100 &
b100 %
#526000
b10 $
b10 4
b10 6
b10 >
b10 ?
b10 G
b10 H
b10 P
b10 Q
b10 Y
b10 *
1/
1.
00
1+
0,
b1 1
b100000111000 &
b100 %
#527000
1O
b111 !
b111 5
0X
b11 $
b11 4
b11 6
b11 >
b11 ?
b11 G
b11 H
b11 P
b11 Q
b11 Y
b11 *
1/
1.
00
1+
0,
b10 1
b100000111100 &
b100 %
#528000
0:
0;
0C
0D
1L
1M
0=
0F
b0 !
b0 5
0O
08
0A
1J
b0 $
b0 4
b0 6
b0 >
b0 ?
b0 G
b0 H
b0 P
b0 Q
b0 Y
b100 #
b100 3
b100 )
b0 *
1/
1.
00
1+
0,
b11 1
b100001000000 &
b100 %
#529000
1O
b1100 !
b1100 5
1X
b1 $
b1 4
b1 6
b1 >
b1 ?
b1 G
b1 H
b1 P
b1 Q
b1 Y
b1 *
0,
00
1/
1.
1+
b0 1
b100001000100 &
b100 %
#530000
b10 $
b10 4
b10 6
b10 >
b10 ?
b10 G
b10 H
b10 P
b10 Q
b10 Y
b10 *
0,
00
1/
1.
1+
b1 1
b100001001000 &
b100 %
#531000
1=
1F
b111 !
b111 5
0X
b11 $
b11 4
b11 6
b11 >
b11 ?
b11 G
b11 H
b11 P
b11 Q
b11 Y
b11 *
0,
00
1/
1.
1+
b10 1
b100001001100 &
b100 %
#532000
1:
1;
0=
0F
b0 !
b0 5
0O
18
b0 $
b0 4
b0 6
b0 >
b0 ?
b0 G
b0 H
b0 P
b0 Q
b0 Y
b101 #
b101 3
b101 )
b0 *
0,
00
1/
1.
1+
b11 1
b100001010000 &
b100 %
#533000
1=
1O
b1101 !
b1101 5
1X
b1 $
b1 4
b1 6
b1 >
b1 ?
b1 G
b1 H
b1 P
b1 Q
b1 Y
b1 *
1/
1.
00
1+
0,
b0 1
b100001010100 &
b100 %
#534000
b10 $
b10 4
b10 6
b10 >
b10 ?
b10 G
b10 H
b10 P
b10 Q
b10 Y
b10 *
1/
1.
00
1+
0,
b1 1
b100001011000 &
b100 %
#535000
1F
b111 !
b111 5
0X
b11 $
b11 4
b11 6
b11 >
b11 ?
b11 G
b11 H
b11 P
b11 Q
b11 Y
b11 *
1/
1.
00
1+
0,
b10 1
b100001011100 &
b100 %
#536000
0:
0;
1C
1D
0=
0F
b0 !
b0 5
0O
08
1A
b0 $
b0 4
b0 6
b0 >
b0 ?
b0 G
b0 H
b0 P
b0 Q
b0 Y
b110 #
b110 3
b110 )
b0 *
1/
1.
00
1+
0,
b11 1
b100001100000 &
b100 %
#537000
1F
1O
b1110 !
b1110 5
1X
b1 $
b1 4
b1 6
b1 >
b1 ?
b1 G
b1 H
b1 P
b1 Q
b1 Y
b1 *
0,
00
1/
1.
1+
b0 1
b100001100100 &
b100 %
#538000
b10 $
b10 4
b10 6
b10 >
b10 ?
b10 G
b10 H
b10 P
b10 Q
b10 Y
b10 *
0,
00
1/
1.
1+
b1 1
b100001101000 &
b100 %
#539000
1=
b111 !
b111 5
0X
b11 $
b11 4
b11 6
b11 >
b11 ?
b11 G
b11 H
b11 P
b11 Q
b11 Y
b11 *
0,
00
1/
1.
1+
b10 1
b100001101100 &
b100 %
#540000
1:
1;
0=
0F
b0 !
b0 5
0O
18
b0 $
b0 4
b0 6
b0 >
b0 ?
b0 G
b0 H
b0 P
b0 Q
b0 Y
b111 #
b111 3
b111 )
b0 *
0,
00
1/
1.
1+
b11 1
b100001110000 &
b100 %
#541000
1=
1F
1O
b1111 !
b1111 5
1X
b1 $
b1 4
b1 6
b1 >
b1 ?
b1 G
b1 H
b1 P
b1 Q
b1 Y
b1 *
00
1+
0,
b0 1
b100001110100 &
b100 %
#542000
b10 $
b10 4
b10 6
b10 >
b10 ?
b10 G
b10 H
b10 P
b10 Q
b10 Y
b10 *
00
1+
0,
b1 1
b100001111000 &
b100 %
#543000
b111 !
b111 5
0X
b11 $
b11 4
b11 6
b11 >
b11 ?
b11 G
b11 H
b11 P
b11 Q
b11 Y
b11 *
00
1+
0,
b10 1
b100001111100 &
b100 %
#544000
1X
0:
0;
0C
0D
0L
0M
1T
0V
0=
0F
b1000 !
b1000 5
0O
08
0A
0J
1S
b0 $
b0 4
b0 6
b0 >
b0 ?
b0 G
b0 H
b0 P
b0 Q
b0 Y
b1000 #
b1000 3
b1000 )
b0 *
00
1+
0,
b11 1
b100010000000 &
b100 %
#545000
b1 $
b1 4
b1 6
b1 >
b1 ?
b1 G
b1 H
b1 P
b1 Q
b1 Y
b1 *
1-
1,
00
0/
1.
1+
b0 1
b100010000100 &
b100 %
#546000
b0 !
b0 5
0X
b10 $
b10 4
b10 6
b10 >
b10 ?
b10 G
b10 H
b10 P
b10 Q
b10 Y
b10 *
00
1.
1-
1+
1,
b1 1
b100010001000 &
b100 %
#547000
1=
1F
b111 !
b111 5
1O
b11 $
b11 4
b11 6
b11 >
b11 ?
b11 G
b11 H
b11 P
b11 Q
b11 Y
b11 *
00
1.
1-
1+
1,
b10 1
b100010001100 &
b100 %
#548000
1:
1;
0=
0F
0O
b1000 !
b1000 5
1X
18
b0 $
b0 4
b0 6
b0 >
b0 ?
b0 G
b0 H
b0 P
b0 Q
b0 Y
b1001 #
b1001 3
b1001 )
b0 *
00
1.
1-
1+
1,
b11 1
b100010010000 &
b100 %
#549000
b1001 !
b1001 5
1=
b1 $
b1 4
b1 6
b1 >
b1 ?
b1 G
b1 H
b1 P
b1 Q
b1 Y
b1 *
1.
1,
00
0/
1-
1+
b0 1
b100010010100 &
b100 %
#550000
b1 !
b1 5
0X
b10 $
b10 4
b10 6
b10 >
b10 ?
b10 G
b10 H
b10 P
b10 Q
b10 Y
b10 *
1.
1,
00
0/
1-
1+
b1 1
b100010011000 &
b100 %
#551000
1F
b111 !
b111 5
1O
b11 $
b11 4
b11 6
b11 >
b11 ?
b11 G
b11 H
b11 P
b11 Q
b11 Y
b11 *
1.
1,
00
0/
1-
1+
b10 1
b100010011100 &
b100 %
#552000
0:
0;
1C
1D
0=
0F
0O
b1000 !
b1000 5
1X
08
1A
b0 $
b0 4
b0 6
b0 >
b0 ?
b0 G
b0 H
b0 P
b0 Q
b0 Y
b1010 #
b1010 3
b1010 )
b0 *
1.
1,
00
0/
1-
1+
b11 1
b100010100000 &
b100 %
#553000
b1010 !
b1010 5
1F
b1 $
b1 4
b1 6
b1 >
b1 ?
b1 G
b1 H
b1 P
b1 Q
b1 Y
b1 *
0/
00
1.
1-
1+
1,
b0 1
b100010100100 &
b100 %
#554000
b10 !
b10 5
0X
b10 $
b10 4
b10 6
b10 >
b10 ?
b10 G
b10 H
b10 P
b10 Q
b10 Y
b10 *
0/
00
1.
1-
1+
1,
b1 1
b100010101000 &
b100 %
#555000
1=
b111 !
b111 5
1O
b11 $
b11 4
b11 6
b11 >
b11 ?
b11 G
b11 H
b11 P
b11 Q
b11 Y
b11 *
0/
00
1.
1-
1+
1,
b10 1
b100010101100 &
b100 %
#556000
1:
1;
0=
0F
0O
b1000 !
b1000 5
1X
18
b0 $
b0 4
b0 6
b0 >
b0 ?
b0 G
b0 H
b0 P
b0 Q
b0 Y
b1011 #
b1011 3
b1011 )
b0 *
0/
00
1.
1-
1+
1,
b11 1
b100010110000 &
b100 %
#557000
1=
b1011 !
b1011 5
1F
b1 $
b1 4
b1 6
b1 >
b1 ?
b1 G
b1 H
b1 P
b1 Q
b1 Y
b1 *
1.
1,
00
0/
1-
1+
b0 1
b100010110100 &
b100 %
#558000
b11 !
b11 5
0X
b10 $
b10 4
b10 6
b10 >
b10 ?
b10 G
b10 H
b10 P
b10 Q
b10 Y
b10 *
1.
1,
00
0/
1-
1+
b1 1
b100010111000 &
b100 %
#559000
b111 !
b111 5
1O
b11 $
b11 4
b11 6
b11 >
b11 ?
b11 G
b11 H
b11 P
b11 Q
b11 Y
b11 *
1.
1,
00
0/
1-
1+
b10 1
b100010111100 &
b100 %
#560000
0:
0;
0C
0D
1L
1M
0=
0F
0O
b1000 !
b1000 5
1X
08
0A
1J
b0 $
b0 4
b0 6
b0 >
b0 ?
b0 G
b0 H
b0 P
b0 Q
b0 Y
b1100 #
b1100 3
b1100 )
b0 *
1.
1,
00
0/
1-
1+
b11 1
b100011000000 &
b100 %
#561000
b1100 !
b1100 5
1O
b1 $
b1 4
b1 6
b1 >
b1 ?
b1 G
b1 H
b1 P
b1 Q
b1 Y
b1 *
0/
00
1.
1-
1+
1,
b0 1
b100011000100 &
b100 %
#562000
b100 !
b100 5
0X
b10 $
b10 4
b10 6
b10 >
b10 ?
b10 G
b10 H
b10 P
b10 Q
b10 Y
b10 *
0/
00
1.
1-
1+
1,
b1 1
b100011001000 &
b100 %
#563000
1=
b111 !
b111 5
1F
b11 $
b11 4
b11 6
b11 >
b11 ?
b11 G
b11 H
b11 P
b11 Q
b11 Y
b11 *
0/
00
1.
1-
1+
1,
b10 1
b100011001100 &
b100 %
#564000
1:
1;
0=
0F
0O
b1000 !
b1000 5
1X
18
b0 $
b0 4
b0 6
b0 >
b0 ?
b0 G
b0 H
b0 P
b0 Q
b0 Y
b1101 #
b1101 3
b1101 )
b0 *
0/
00
1.
1-
1+
1,
b11 1
b100011010000 &
b100 %
#565000
1=
b1101 !
b1101 5
1O
b1 $
b1 4
b1 6
b1 >
b1 ?
b1 G
b1 H
b1 P
b1 Q
b1 Y
b1 *
1.
1,
00
0/
1-
1+
b0 1
b100011010100 &
b100 %
#566000
b101 !
b101 5
0X
b10 $
b10 4
b10 6
b10 >
b10 ?
b10 G
b10 H
b10 P
b10 Q
b10 Y
b10 *
1.
1,
00
0/
1-
1+
b1 1
b100011011000 &
b100 %
#567000
b111 !
b111 5
1F
b11 $
b11 4
b11 6
b11 >
b11 ?
b11 G
b11 H
b11 P
b11 Q
b11 Y
b11 *
1.
1,
00
0/
1-
1+
b10 1
b100011011100 &
b100 %
#568000
0:
0;
1C
1D
0=
0F
0O
b1000 !
b1000 5
1X
08
1A
b0 $
b0 4
b0 6
b0 >
b0 ?
b0 G
b0 H
b0 P
b0 Q
b0 Y
b1110 #
b1110 3
b1110 )
b0 *
1.
1,
00
0/
1-
1+
b11 1
b100011100000 &
b100 %
#569000
1F
b1110 !
b1110 5
1O
b1 $
b1 4
b1 6
b1 >
b1 ?
b1 G
b1 H
b1 P
b1 Q
b1 Y
b1 *
0/
00
1.
1-
1+
1,
b0 1
b100011100100 &
b100 %
#570000
b110 !
b110 5
0X
b10 $
b10 4
b10 6
b10 >
b10 ?
b10 G
b10 H
b10 P
b10 Q
b10 Y
b10 *
0/
00
1.
1-
1+
1,
b1 1
b100011101000 &
b100 %
#571000
b111 !
b111 5
1=
b11 $
b11 4
b11 6
b11 >
b11 ?
b11 G
b11 H
b11 P
b11 Q
b11 Y
b11 *
0/
00
1.
1-
1+
1,
b10 1
b100011101100 &
b100 %
#572000
1:
1;
0=
0F
0O
b1000 !
b1000 5
1X
18
b0 $
b0 4
b0 6
b0 >
b0 ?
b0 G
b0 H
b0 P
b0 Q
b0 Y
b1111 #
b1111 3
b1111 )
b0 *
0/
00
1.
1-
1+
1,
b11 1
b100011110000 &
b100 %
#573000
1=
1F
b1111 !
b1111 5
1O
b1 $
b1 4
b1 6
b1 >
b1 ?
b1 G
b1 H
b1 P
b1 Q
b1 Y
b1 *
00
0/
1-
1+
b0 1
b100011110100 &
b100 %
#574000
b111 !
b111 5
0X
b10 $
b10 4
b10 6
b10 >
b10 ?
b10 G
b10 H
b10 P
b10 Q
b10 Y
b10 *
00
0/
1-
1+
b1 1
b100011111000 &
b100 %
#575000
b11 $
b11 4
b11 6
b11 >
b11 ?
b11 G
b11 H
b11 P
b11 Q
b11 Y
b11 *
00
0/
1-
1+
b10 1
b100011111100 &
b100 %
#576000
0C
0D
0L
0M
0T
1V
0<
0=
0F
0O
b0 !
b0 5
0X
08
0A
0J
0S
17
b0 $
b0 4
b0 6
b0 >
b0 ?
b0 G
b0 H
b0 P
b0 Q
b0 Y
b0 #
b0 3
b1001 "
b1001 2
b1001 (
b0 )
b0 *
00
0/
1-
1+
b11 1
b100100000000 &
b100 %
#577000
1=
b1001 !
b1001 5
1X
b1 $
b1 4
b1 6
b1 >
b1 ?
b1 G
b1 H
b1 P
b1 Q
b1 Y
b1 *
00
1.
1+
1/
0-
0,
b0 1
b100100000100 &
b100 %
#578000
b10 $
b10 4
b10 6
b10 >
b10 ?
b10 G
b10 H
b10 P
b10 Q
b10 Y
b10 *
00
1/
1.
1+
b1 1
b100100001000 &
b100 %
#579000
0=
1F
1O
b110 !
b110 5
0X
b11 $
b11 4
b11 6
b11 >
b11 ?
b11 G
b11 H
b11 P
b11 Q
b11 Y
b11 *
00
1/
1.
1+
b10 1
b100100001100 &
b100 %
#580000
1=
19
0;
0F
b1 !
b1 5
0O
18
b0 $
b0 4
b0 6
b0 >
b0 ?
b0 G
b0 H
b0 P
b0 Q
b0 Y
b1 #
b1 3
b1 )
b0 *
00
1/
1.
1+
b11 1
b100100010000 &
b100 %
#581000
b1001 !
b1001 5
1X
b1 $
b1 4
b1 6
b1 >
b1 ?
b1 G
b1 H
b1 P
b1 Q
b1 Y
b1 *
00
1.
1+
1/
0-
0,
b0 1
b100100010100 &
b100 %
#582000
b1000 !
b1000 5
0=
b10 $
b10 4
b10 6
b10 >
b10 ?
b10 G
b10 H
b10 P
b10 Q
b10 Y
b10 *
00
1.
1+
1/
0-
0,
b1 1
b100100011000 &
b100 %
#583000
1F
1O
b110 !
b110 5
0X
b11 $
b11 4
b11 6
b11 >
b11 ?
b11 G
b11 H
b11 P
b11 Q
b11 Y
b11 *
00
1.
1+
1/
0-
0,
b10 1
b100100011100 &
b100 %
#584000
09
1;
1C
1D
0=
0F
b0 !
b0 5
0O
08
1A
b0 $
b0 4
b0 6
b0 >
b0 ?
b0 G
b0 H
b0 P
b0 Q
b0 Y
b10 #
b10 3
b10 )
b0 *
00
1.
1+
1/
0-
0,
b11 1
b100100100000 &
b100 %
#585000
1=
1F
b1011 !
b1011 5
1X
b1 $
b1 4
b1 6
b1 >
b1 ?
b1 G
b1 H
b1 P
b1 Q
b1 Y
b1 *
1/
1.
00
1+
0,
b0 1
b100100100100 &
b100 %
#586000
b10 $
b10 4
b10 6
b10 >
b10 ?
b10 G
b10 H
b10 P
b10 Q
b10 Y
b10 *
1/
1.
00
1+
0,
b1 1
b100100101000 &
b100 %
#587000
0=
1O
b110 !
b110 5
0X
b11 $
b11 4
b11 6
b11 >
b11 ?
b11 G
b11 H
b11 P
b11 Q
b11 Y
b11 *
1/
1.
00
1+
0,
b10 1
b100100101100 &
b100 %
#588000
1=
19
0;
0F
b1 !
b1 5
0O
18
b0 $
b0 4
b0 6
b0 >
b0 ?
b0 G
b0 H
b0 P
b0 Q
b0 Y
b11 #
b11 3
b11 )
b0 *
1/
1.
00
1+
0,
b11 1
b100100110000 &
b100 %
#589000
1F
b1011 !
b1011 5
1X
b1 $
b1 4
b1 6
b1 >
b1 ?
b1 G
b1 H
b1 P
b1 Q
b1 Y
b1 *
1.
00
1+
1/
0-
0,
b0 1
b100100110100 &
b100 %
#590000
b1010 !
b1010 5
0=
b10 $
b10 4
b10 6
b10 >
b10 ?
b10 G
b10 H
b10 P
b10 Q
b10 Y
b10 *
1.
00
1+
1/
0-
0,
b1 1
b100100111000 &
b100 %
#591000
1O
b110 !
b110 5
0X
b11 $
b11 4
b11 6
b11 >
b11 ?
b11 G
b11 H
b11 P
b11 Q
b11 Y
b11 *
1.
00
1+
1/
0-
0,
b10 1
b100100111100 &
b100 %
#592000
09
1;
0C
0D
1L
1M
0=
0F
b0 !
b0 5
0O
08
0A
1J
b0 $
b0 4
b0 6
b0 >
b0 ?
b0 G
b0 H
b0 P
b0 Q
b0 Y
b100 #
b100 3
b100 )
b0 *
1.
00
1+
1/
0-
0,
b11 1
b100101000000 &
b100 %
#593000
1=
1O
b1101 !
b1101 5
1X
b1 $
b1 4
b1 6
b1 >
b1 ?
b1 G
b1 H
b1 P
b1 Q
b1 Y
b1 *
0,
00
1/
1.
1+
b0 1
b100101000100 &
b100 %
#594000
b10 $
b10 4
b10 6
b10 >
b10 ?
b10 G
b10 H
b10 P
b10 Q
b10 Y
b10 *
0,
00
1/
1.
1+
b1 1
b100101001000 &
b100 %
#595000
0=
1F
b110 !
b110 5
0X
b11 $
b11 4
b11 6
b11 >
b11 ?
b11 G
b11 H
b11 P
b11 Q
b11 Y
b11 *
0,
00
1/
1.
1+
b10 1
b100101001100 &
b100 %
#596000
1=
19
0;
0F
b1 !
b1 5
0O
18
b0 $
b0 4
b0 6
b0 >
b0 ?
b0 G
b0 H
b0 P
b0 Q
b0 Y
b101 #
b101 3
b101 )
b0 *
0,
00
1/
1.
1+
b11 1
b100101010000 &
b100 %
#597000
1O
b1101 !
b1101 5
1X
b1 $
b1 4
b1 6
b1 >
b1 ?
b1 G
b1 H
b1 P
b1 Q
b1 Y
b1 *
00
1.
1+
1/
0-
0,
b0 1
b100101010100 &
b100 %
#598000
b1100 !
b1100 5
0=
b10 $
b10 4
b10 6
b10 >
b10 ?
b10 G
b10 H
b10 P
b10 Q
b10 Y
b10 *
00
1.
1+
1/
0-
0,
b1 1
b100101011000 &
b100 %
#599000
1F
b110 !
b110 5
0X
b11 $
b11 4
b11 6
b11 >
b11 ?
b11 G
b11 H
b11 P
b11 Q
b11 Y
b11 *
00
1.
1+
1/
0-
0,
b10 1
b100101011100 &
b100 %
#600000
09
1;
1C
1D
0=
0F
b0 !
b0 5
0O
08
1A
b0 $
b0 4
b0 6
b0 >
b0 ?
b0 G
b0 H
b0 P
b0 Q
b0 Y
b110 #
b110 3
b110 )
b0 *
00
1.
1+
1/
0-
0,
b11 1
b100101100000 &
b100 %
#601000
1=
1F
1O
b1111 !
b1111 5
1X
b1 $
b1 4
b1 6
b1 >
b1 ?
b1 G
b1 H
b1 P
b1 Q
b1 Y
b1 *
00
1+
0,
b0 1
b100101100100 &
b100 %
#602000
b10 $
b10 4
b10 6
b10 >
b10 ?
b10 G
b10 H
b10 P
b10 Q
b10 Y
b10 *
00
1+
0,
b1 1
b100101101000 &
b100 %
#603000
0=
b110 !
b110 5
0X
b11 $
b11 4
b11 6
b11 >
b11 ?
b11 G
b11 H
b11 P
b11 Q
b11 Y
b11 *
00
1+
0,
b10 1
b100101101100 &
b100 %
#604000
1=
19
0;
0F
b1 !
b1 5
0O
18
b0 $
b0 4
b0 6
b0 >
b0 ?
b0 G
b0 H
b0 P
b0 Q
b0 Y
b111 #
b111 3
b111 )
b0 *
00
1+
0,
b11 1
b100101110000 &
b100 %
#605000
1F
1O
b1111 !
b1111 5
1X
b1 $
b1 4
b1 6
b1 >
b1 ?
b1 G
b1 H
b1 P
b1 Q
b1 Y
b1 *
00
1+
1/
0-
0,
b0 1
b100101110100 &
b100 %
#606000
b1110 !
b1110 5
0=
b10 $
b10 4
b10 6
b10 >
b10 ?
b10 G
b10 H
b10 P
b10 Q
b10 Y
b10 *
00
1+
1/
0-
0,
b1 1
b100101111000 &
b100 %
#607000
b110 !
b110 5
0X
b11 $
b11 4
b11 6
b11 >
b11 ?
b11 G
b11 H
b11 P
b11 Q
b11 Y
b11 *
00
1+
1/
0-
0,
b10 1
b100101111100 &
b100 %
#608000
1X
09
1;
0C
0D
0L
0M
1T
0V
0=
0F
b1000 !
b1000 5
0O
08
0A
0J
1S
b0 $
b0 4
b0 6
b0 >
b0 ?
b0 G
b0 H
b0 P
b0 Q
b0 Y
b1000 #
b1000 3
b1000 )
b0 *
00
1+
1/
0-
0,
b11 1
b100110000000 &
b100 %
#609000
b1001 !
b1001 5
1=
b1 $
b1 4
b1 6
b1 >
b1 ?
b1 G
b1 H
b1 P
b1 Q
b1 Y
b1 *
1-
1,
00
0/
1.
1+
b0 1
b100110000100 &
b100 %
#610000
b1 !
b1 5
0X
b10 $
b10 4
b10 6
b10 >
b10 ?
b10 G
b10 H
b10 P
b10 Q
b10 Y
b10 *
00
1.
1+
0/
1-
1,
b1 1
b100110001000 &
b100 %
#611000
0=
1F
b110 !
b110 5
1O
b11 $
b11 4
b11 6
b11 >
b11 ?
b11 G
b11 H
b11 P
b11 Q
b11 Y
b11 *
00
1.
1+
0/
1-
1,
b10 1
b100110001100 &
b100 %
#612000
1=
19
0;
0F
0O
b1001 !
b1001 5
1X
18
b0 $
b0 4
b0 6
b0 >
b0 ?
b0 G
b0 H
b0 P
b0 Q
b0 Y
b1001 #
b1001 3
b1001 )
b0 *
00
1.
1+
0/
1-
1,
b11 1
b100110010000 &
b100 %
#613000
b1 $
b1 4
b1 6
b1 >
b1 ?
b1 G
b1 H
b1 P
b1 Q
b1 Y
b1 *
00
1.
1-
1+
1,
b0 1
b100110010100 &
b100 %
#614000
0=
b0 !
b0 5
0X
b10 $
b10 4
b10 6
b10 >
b10 ?
b10 G
b10 H
b10 P
b10 Q
b10 Y
b10 *
00
1.
1-
1+
1,
b1 1
b100110011000 &
b100 %
#615000
1F
b110 !
b110 5
1O
b11 $
b11 4
b11 6
b11 >
b11 ?
b11 G
b11 H
b11 P
b11 Q
b11 Y
b11 *
00
1.
1-
1+
1,
b10 1
b100110011100 &
b100 %
#616000
09
1;
1C
1D
0=
0F
0O
b1000 !
b1000 5
1X
08
1A
b0 $
b0 4
b0 6
b0 >
b0 ?
b0 G
b0 H
b0 P
b0 Q
b0 Y
b1010 #
b1010 3
b1010 )
b0 *
00
1.
1-
1+
1,
b11 1
b100110100000 &
b100 %
#617000
1=
b1011 !
b1011 5
1F
b1 $
b1 4
b1 6
b1 >
b1 ?
b1 G
b1 H
b1 P
b1 Q
b1 Y
b1 *
1.
00
1+
0/
1-
1,
b0 1
b100110100100 &
b100 %
#618000
b11 !
b11 5
0X
b10 $
b10 4
b10 6
b10 >
b10 ?
b10 G
b10 H
b10 P
b10 Q
b10 Y
b10 *
1.
00
1+
0/
1-
1,
b1 1
b100110101000 &
b100 %
#619000
0=
b110 !
b110 5
1O
b11 $
b11 4
b11 6
b11 >
b11 ?
b11 G
b11 H
b11 P
b11 Q
b11 Y
b11 *
1.
00
1+
0/
1-
1,
b10 1
b100110101100 &
b100 %
#620000
1=
19
0;
0F
0O
b1001 !
b1001 5
1X
18
b0 $
b0 4
b0 6
b0 >
b0 ?
b0 G
b0 H
b0 P
b0 Q
b0 Y
b1011 #
b1011 3
b1011 )
b0 *
1.
00
1+
0/
1-
1,
b11 1
b100110110000 &
b100 %
#621000
b1011 !
b1011 5
1F
b1 $
b1 4
b1 6
b1 >
b1 ?
b1 G
b1 H
b1 P
b1 Q
b1 Y
b1 *
1.
1,
00
0/
1-
1+
b0 1
b100110110100 &
b100 %
#622000
0=
b10 !
b10 5
0X
b10 $
b10 4
b10 6
b10 >
b10 ?
b10 G
b10 H
b10 P
b10 Q
b10 Y
b10 *
1.
1,
00
0/
1-
1+
b1 1
b100110111000 &
b100 %
#623000
b110 !
b110 5
1O
b11 $
b11 4
b11 6
b11 >
b11 ?
b11 G
b11 H
b11 P
b11 Q
b11 Y
b11 *
1.
1,
00
0/
1-
1+
b10 1
b100110111100 &
b100 %
#624000
09
1;
0C
0D
1L
1M
0=
0F
0O
b1000 !
b1000 5
1X
08
0A
1J
b0 $
b0 4
b0 6
b0 >
b0 ?
b0 G
b0 H
b0 P
b0 Q
b0 Y
b1100 #
b1100 3
b1100 )
b0 *
1.
1,
00
0/
1-
1+
b11 1
b100111000000 &
b100 %
#625000
1=
b1101 !
b1101 5
1O
b1 $
b1 4
b1 6
b1 >
b1 ?
b1 G
b1 H
b1 P
b1 Q
b1 Y
b1 *
00
1.
1+
0/
1-
1,
b0 1
b100111000100 &
b100 %
#626000
b101 !
b101 5
0X
b10 $
b10 4
b10 6
b10 >
b10 ?
b10 G
b10 H
b10 P
b10 Q
b10 Y
b10 *
00
1.
1+
0/
1-
1,
b1 1
b100111001000 &
b100 %
#627000
0=
b110 !
b110 5
1F
b11 $
b11 4
b11 6
b11 >
b11 ?
b11 G
b11 H
b11 P
b11 Q
b11 Y
b11 *
00
1.
1+
0/
1-
1,
b10 1
b100111001100 &
b100 %
#628000
1=
19
0;
0F
0O
b1001 !
b1001 5
1X
18
b0 $
b0 4
b0 6
b0 >
b0 ?
b0 G
b0 H
b0 P
b0 Q
b0 Y
b1101 #
b1101 3
b1101 )
b0 *
00
1.
1+
0/
1-
1,
b11 1
b100111010000 &
b100 %
#629000
b1101 !
b1101 5
1O
b1 $
b1 4
b1 6
b1 >
b1 ?
b1 G
b1 H
b1 P
b1 Q
b1 Y
b1 *
0/
00
1.
1-
1+
1,
b0 1
b100111010100 &
b100 %
#630000
0=
b100 !
b100 5
0X
b10 $
b10 4
b10 6
b10 >
b10 ?
b10 G
b10 H
b10 P
b10 Q
b10 Y
b10 *
0/
00
1.
1-
1+
1,
b1 1
b100111011000 &
b100 %
#631000
b110 !
b110 5
1F
b11 $
b11 4
b11 6
b11 >
b11 ?
b11 G
b11 H
b11 P
b11 Q
b11 Y
b11 *
0/
00
1.
1-
1+
1,
b10 1
b100111011100 &
b100 %
#632000
09
1;
1C
1D
0=
0F
0O
b1000 !
b1000 5
1X
08
1A
b0 $
b0 4
b0 6
b0 >
b0 ?
b0 G
b0 H
b0 P
b0 Q
b0 Y
b1110 #
b1110 3
b1110 )
b0 *
0/
00
1.
1-
1+
1,
b11 1
b100111100000 &
b100 %
#633000
1=
1F
b1111 !
b1111 5
1O
b1 $
b1 4
b1 6
b1 >
b1 ?
b1 G
b1 H
b1 P
b1 Q
b1 Y
b1 *
00
1+
0/
1-
1,
b0 1
b100111100100 &
b100 %
#634000
b111 !
b111 5
0X
b10 $
b10 4
b10 6
b10 >
b10 ?
b10 G
b10 H
b10 P
b10 Q
b10 Y
b10 *
00
1+
0/
1-
1,
b1 1
b100111101000 &
b100 %
#635000
b110 !
b110 5
0=
b11 $
b11 4
b11 6
b11 >
b11 ?
b11 G
b11 H
b11 P
b11 Q
b11 Y
b11 *
00
1+
0/
1-
1,
b10 1
b100111101100 &
b100 %
#636000
1=
19
0;
0F
0O
b1001 !
b1001 5
1X
18
b0 $
b0 4
b0 6
b0 >
b0 ?
b0 G
b0 H
b0 P
b0 Q
b0 Y
b1111 #
b1111 3
b1111 )
b0 *
00
1+
0/
1-
1,
b11 1
b100111110000 &
b100 %
#637000
1F
b1111 !
b1111 5
1O
b1 $
b1 4
b1 6
b1 >
b1 ?
b1 G
b1 H
b1 P
b1 Q
b1 Y
b1 *
00
0/
1-
1+
b0 1
b100111110100 &
b100 %
#638000
0=
b110 !
b110 5
0X
b10 $
b10 4
b10 6
b10 >
b10 ?
b10 G
b10 H
b10 P
b10 Q
b10 Y
b10 *
00
0/
1-
1+
b1 1
b100111111000 &
b100 %
#639000
b11 $
b11 4
b11 6
b11 >
b11 ?
b11 G
b11 H
b11 P
b11 Q
b11 Y
b11 *
00
0/
1-
1+
b10 1
b100111111100 &
b100 %
#640000
0L
0M
0T
1V
09
0:
1<
0E
0=
0F
0O
b0 !
b0 5
0X
08
0A
0J
0S
07
1@
b0 $
b0 4
b0 6
b0 >
b0 ?
b0 G
b0 H
b0 P
b0 Q
b0 Y
b0 #
b0 3
b1010 "
b1010 2
b1010 (
b0 )
b0 *
00
0/
1-
1+
b11 1
b101000000000 &
b100 %
#641000
1F
b1010 !
b1010 5
1X
b1 $
b1 4
b1 6
b1 >
b1 ?
b1 G
b1 H
b1 P
b1 Q
b1 Y
b1 *
1/
00
1.
0-
1+
0,
b0 1
b101000000100 &
b100 %
#642000
b10 $
b10 4
b10 6
b10 >
b10 ?
b10 G
b10 H
b10 P
b10 Q
b10 Y
b10 *
00
1/
1.
1+
b1 1
b101000001000 &
b100 %
#643000
1=
0F
1O
b101 !
b101 5
0X
b11 $
b11 4
b11 6
b11 >
b11 ?
b11 G
b11 H
b11 P
b11 Q
b11 Y
b11 *
00
1/
1.
1+
b10 1
b101000001100 &
b100 %
#644000
1:
1;
0=
b0 !
b0 5
0O
18
b0 $
b0 4
b0 6
b0 >
b0 ?
b0 G
b0 H
b0 P
b0 Q
b0 Y
b1 #
b1 3
b1 )
b0 *
00
1/
1.
1+
b11 1
b101000010000 &
b100 %
#645000
1=
1F
b1011 !
b1011 5
1X
b1 $
b1 4
b1 6
b1 >
b1 ?
b1 G
b1 H
b1 P
b1 Q
b1 Y
b1 *
1/
1.
00
1+
0,
b0 1
b101000010100 &
b100 %
#646000
b10 $
b10 4
b10 6
b10 >
b10 ?
b10 G
b10 H
b10 P
b10 Q
b10 Y
b10 *
1/
1.
00
1+
0,
b1 1
b101000011000 &
b100 %
#647000
0F
1O
b101 !
b101 5
0X
b11 $
b11 4
b11 6
b11 >
b11 ?
b11 G
b11 H
b11 P
b11 Q
b11 Y
b11 *
1/
1.
00
1+
0,
b10 1
b101000011100 &
b100 %
#648000
1F
0:
0;
1B
0D
0=
b10 !
b10 5
0O
08
1A
b0 $
b0 4
b0 6
b0 >
b0 ?
b0 G
b0 H
b0 P
b0 Q
b0 Y
b10 #
b10 3
b10 )
b0 *
1/
1.
00
1+
0,
b11 1
b101000100000 &
b100 %
#649000
b1010 !
b1010 5
1X
b1 $
b1 4
b1 6
b1 >
b1 ?
b1 G
b1 H
b1 P
b1 Q
b1 Y
b1 *
0-
0,
00
1/
1.
1+
b0 1
b101000100100 &
b100 %
#650000
b1000 !
b1000 5
0F
b10 $
b10 4
b10 6
b10 >
b10 ?
b10 G
b10 H
b10 P
b10 Q
b10 Y
b10 *
0-
0,
00
1/
1.
1+
b1 1
b101000101000 &
b100 %
#651000
1=
1O
b101 !
b101 5
0X
b11 $
b11 4
b11 6
b11 >
b11 ?
b11 G
b11 H
b11 P
b11 Q
b11 Y
b11 *
0-
0,
00
1/
1.
1+
b10 1
b101000101100 &
b100 %
#652000
1:
1;
0=
1F
b10 !
b10 5
0O
18
b0 $
b0 4
b0 6
b0 >
b0 ?
b0 G
b0 H
b0 P
b0 Q
b0 Y
b11 #
b11 3
b11 )
b0 *
0-
0,
00
1/
1.
1+
b11 1
b101000110000 &
b100 %
#653000
1=
b1011 !
b1011 5
1X
b1 $
b1 4
b1 6
b1 >
b1 ?
b1 G
b1 H
b1 P
b1 Q
b1 Y
b1 *
1.
1/
0-
00
1+
0,
b0 1
b101000110100 &
b100 %
#654000
b1001 !
b1001 5
0F
b10 $
b10 4
b10 6
b10 >
b10 ?
b10 G
b10 H
b10 P
b10 Q
b10 Y
b10 *
1.
1/
0-
00
1+
0,
b1 1
b101000111000 &
b100 %
#655000
1O
b101 !
b101 5
0X
b11 $
b11 4
b11 6
b11 >
b11 ?
b11 G
b11 H
b11 P
b11 Q
b11 Y
b11 *
1.
1/
0-
00
1+
0,
b10 1
b101000111100 &
b100 %
#656000
0:
0;
0B
1D
1L
1M
0=
0F
b0 !
b0 5
0O
08
0A
1J
b0 $
b0 4
b0 6
b0 >
b0 ?
b0 G
b0 H
b0 P
b0 Q
b0 Y
b100 #
b100 3
b100 )
b0 *
1.
1/
0-
00
1+
0,
b11 1
b101001000000 &
b100 %
#657000
1F
1O
b1110 !
b1110 5
1X
b1 $
b1 4
b1 6
b1 >
b1 ?
b1 G
b1 H
b1 P
b1 Q
b1 Y
b1 *
0,
00
1/
1.
1+
b0 1
b101001000100 &
b100 %
#658000
b10 $
b10 4
b10 6
b10 >
b10 ?
b10 G
b10 H
b10 P
b10 Q
b10 Y
b10 *
0,
00
1/
1.
1+
b1 1
b101001001000 &
b100 %
#659000
1=
0F
b101 !
b101 5
0X
b11 $
b11 4
b11 6
b11 >
b11 ?
b11 G
b11 H
b11 P
b11 Q
b11 Y
b11 *
0,
00
1/
1.
1+
b10 1
b101001001100 &
b100 %
#660000
1:
1;
0=
b0 !
b0 5
0O
18
b0 $
b0 4
b0 6
b0 >
b0 ?
b0 G
b0 H
b0 P
b0 Q
b0 Y
b101 #
b101 3
b101 )
b0 *
0,
00
1/
1.
1+
b11 1
b101001010000 &
b100 %
#661000
1=
1F
1O
b1111 !
b1111 5
1X
b1 $
b1 4
b1 6
b1 >
b1 ?
b1 G
b1 H
b1 P
b1 Q
b1 Y
b1 *
00
1+
0,
b0 1
b101001010100 &
b100 %
#662000
b10 $
b10 4
b10 6
b10 >
b10 ?
b10 G
b10 H
b10 P
b10 Q
b10 Y
b10 *
00
1+
0,
b1 1
b101001011000 &
b100 %
#663000
0F
b101 !
b101 5
0X
b11 $
b11 4
b11 6
b11 >
b11 ?
b11 G
b11 H
b11 P
b11 Q
b11 Y
b11 *
00
1+
0,
b10 1
b101001011100 &
b100 %
#664000
1F
0:
0;
1B
0D
0=
b10 !
b10 5
0O
08
1A
b0 $
b0 4
b0 6
b0 >
b0 ?
b0 G
b0 H
b0 P
b0 Q
b0 Y
b110 #
b110 3
b110 )
b0 *
00
1+
0,
b11 1
b101001100000 &
b100 %
#665000
1O
b1110 !
b1110 5
1X
b1 $
b1 4
b1 6
b1 >
b1 ?
b1 G
b1 H
b1 P
b1 Q
b1 Y
b1 *
0-
0,
00
1/
1.
1+
b0 1
b101001100100 &
b100 %
#666000
b1100 !
b1100 5
0F
b10 $
b10 4
b10 6
b10 >
b10 ?
b10 G
b10 H
b10 P
b10 Q
b10 Y
b10 *
0-
0,
00
1/
1.
1+
b1 1
b101001101000 &
b100 %
#667000
1=
b101 !
b101 5
0X
b11 $
b11 4
b11 6
b11 >
b11 ?
b11 G
b11 H
b11 P
b11 Q
b11 Y
b11 *
0-
0,
00
1/
1.
1+
b10 1
b101001101100 &
b100 %
#668000
1:
1;
0=
1F
b10 !
b10 5
0O
18
b0 $
b0 4
b0 6
b0 >
b0 ?
b0 G
b0 H
b0 P
b0 Q
b0 Y
b111 #
b111 3
b111 )
b0 *
0-
0,
00
1/
1.
1+
b11 1
b101001110000 &
b100 %
#669000
1=
1O
b1111 !
b1111 5
1X
b1 $
b1 4
b1 6
b1 >
b1 ?
b1 G
b1 H
b1 P
b1 Q
b1 Y
b1 *
1/
0-
00
1+
0,
b0 1
b101001110100 &
b100 %
#670000
b1101 !
b1101 5
0F
b10 $
b10 4
b10 6
b10 >
b10 ?
b10 G
b10 H
b10 P
b10 Q
b10 Y
b10 *
1/
0-
00
1+
0,
b1 1
b101001111000 &
b100 %
#671000
b101 !
b101 5
0X
b11 $
b11 4
b11 6
b11 >
b11 ?
b11 G
b11 H
b11 P
b11 Q
b11 Y
b11 *
1/
0-
00
1+
0,
b10 1
b101001111100 &
b100 %
#672000
1X
0:
0;
0B
1D
0L
0M
1T
0V
0=
0F
b1000 !
b1000 5
0O
08
0A
0J
1S
b0 $
b0 4
b0 6
b0 >
b0 ?
b0 G
b0 H
b0 P
b0 Q
b0 Y
b1000 #
b1000 3
b1000 )
b0 *
1/
0-
00
1+
0,
b11 1
b101010000000 &
b100 %
#673000
b1010 !
b1010 5
1F
b1 $
b1 4
b1 6
b1 >
b1 ?
b1 G
b1 H
b1 P
b1 Q
b1 Y
b1 *
1-
1,
00
0/
1.
1+
b0 1
b101010000100 &
b100 %
#674000
b10 !
b10 5
0X
b10 $
b10 4
b10 6
b10 >
b10 ?
b10 G
b10 H
b10 P
b10 Q
b10 Y
b10 *
0/
00
1.
1-
1+
1,
b1 1
b101010001000 &
b100 %
#675000
1=
0F
b101 !
b101 5
1O
b11 $
b11 4
b11 6
b11 >
b11 ?
b11 G
b11 H
b11 P
b11 Q
b11 Y
b11 *
0/
00
1.
1-
1+
1,
b10 1
b101010001100 &
b100 %
#676000
1:
1;
0=
0O
b1000 !
b1000 5
1X
18
b0 $
b0 4
b0 6
b0 >
b0 ?
b0 G
b0 H
b0 P
b0 Q
b0 Y
b1001 #
b1001 3
b1001 )
b0 *
0/
00
1.
1-
1+
1,
b11 1
b101010010000 &
b100 %
#677000
1=
b1011 !
b1011 5
1F
b1 $
b1 4
b1 6
b1 >
b1 ?
b1 G
b1 H
b1 P
b1 Q
b1 Y
b1 *
1.
1,
00
0/
1-
1+
b0 1
b101010010100 &
b100 %
#678000
b11 !
b11 5
0X
b10 $
b10 4
b10 6
b10 >
b10 ?
b10 G
b10 H
b10 P
b10 Q
b10 Y
b10 *
1.
1,
00
0/
1-
1+
b1 1
b101010011000 &
b100 %
#679000
0F
b101 !
b101 5
1O
b11 $
b11 4
b11 6
b11 >
b11 ?
b11 G
b11 H
b11 P
b11 Q
b11 Y
b11 *
1.
1,
00
0/
1-
1+
b10 1
b101010011100 &
b100 %
#680000
1F
0:
0;
1B
0D
0=
0O
b1010 !
b1010 5
1X
08
1A
b0 $
b0 4
b0 6
b0 >
b0 ?
b0 G
b0 H
b0 P
b0 Q
b0 Y
b1010 #
b1010 3
b1010 )
b0 *
1.
1,
00
0/
1-
1+
b11 1
b101010100000 &
b100 %
#681000
b1 $
b1 4
b1 6
b1 >
b1 ?
b1 G
b1 H
b1 P
b1 Q
b1 Y
b1 *
00
1.
1-
1+
1,
b0 1
b101010100100 &
b100 %
#682000
0F
b0 !
b0 5
0X
b10 $
b10 4
b10 6
b10 >
b10 ?
b10 G
b10 H
b10 P
b10 Q
b10 Y
b10 *
00
1.
1-
1+
1,
b1 1
b101010101000 &
b100 %
#683000
1=
b101 !
b101 5
1O
b11 $
b11 4
b11 6
b11 >
b11 ?
b11 G
b11 H
b11 P
b11 Q
b11 Y
b11 *
00
1.
1-
1+
1,
b10 1
b101010101100 &
b100 %
#684000
1:
1;
0=
1F
0O
b1010 !
b1010 5
1X
18
b0 $
b0 4
b0 6
b0 >
b0 ?
b0 G
b0 H
b0 P
b0 Q
b0 Y
b1011 #
b1011 3
b1011 )
b0 *
00
1.
1-
1+
1,
b11 1
b101010110000 &
b100 %
#685000
b1011 !
b1011 5
1=
b1 $
b1 4
b1 6
b1 >
b1 ?
b1 G
b1 H
b1 P
b1 Q
b1 Y
b1 *
1.
1,
00
0/
1-
1+
b0 1
b101010110100 &
b100 %
#686000
0F
b1 !
b1 5
0X
b10 $
b10 4
b10 6
b10 >
b10 ?
b10 G
b10 H
b10 P
b10 Q
b10 Y
b10 *
1.
1,
00
0/
1-
1+
b1 1
b101010111000 &
b100 %
#687000
b101 !
b101 5
1O
b11 $
b11 4
b11 6
b11 >
b11 ?
b11 G
b11 H
b11 P
b11 Q
b11 Y
b11 *
1.
1,
00
0/
1-
1+
b10 1
b101010111100 &
b100 %
#688000
0:
0;
0B
1D
1L
1M
0=
0F
0O
b1000 !
b1000 5
1X
08
0A
1J
b0 $
b0 4
b0 6
b0 >
b0 ?
b0 G
b0 H
b0 P
b0 Q
b0 Y
b1100 #
b1100 3
b1100 )
b0 *
1.
1,
00
0/
1-
1+
b11 1
b101011000000 &
b100 %
#689000
1F
b1110 !
b1110 5
1O
b1 $
b1 4
b1 6
b1 >
b1 ?
b1 G
b1 H
b1 P
b1 Q
b1 Y
b1 *
0/
00
1.
1-
1+
1,
b0 1
b101011000100 &
b100 %
#690000
b110 !
b110 5
0X
b10 $
b10 4
b10 6
b10 >
b10 ?
b10 G
b10 H
b10 P
b10 Q
b10 Y
b10 *
0/
00
1.
1-
1+
1,
b1 1
b101011001000 &
b100 %
#691000
1=
b101 !
b101 5
0F
b11 $
b11 4
b11 6
b11 >
b11 ?
b11 G
b11 H
b11 P
b11 Q
b11 Y
b11 *
0/
00
1.
1-
1+
1,
b10 1
b101011001100 &
b100 %
#692000
1:
1;
0=
0O
b1000 !
b1000 5
1X
18
b0 $
b0 4
b0 6
b0 >
b0 ?
b0 G
b0 H
b0 P
b0 Q
b0 Y
b1101 #
b1101 3
b1101 )
b0 *
0/
00
1.
1-
1+
1,
b11 1
b101011010000 &
b100 %
#693000
1=
1F
b1111 !
b1111 5
1O
b1 $
b1 4
b1 6
b1 >
b1 ?
b1 G
b1 H
b1 P
b1 Q
b1 Y
b1 *
1,
00
0/
1-
1+
b0 1
b101011010100 &
b100 %
#694000
b111 !
b111 5
0X
b10 $
b10 4
b10 6
b10 >
b10 ?
b10 G
b10 H
b10 P
b10 Q
b10 Y
b10 *
1,
00
0/
1-
1+
b1 1
b101011011000 &
b100 %
#695000
b101 !
b101 5
0F
b11 $
b11 4
b11 6
b11 >
b11 ?
b11 G
b11 H
b11 P
b11 Q
b11 Y
b11 *
1,
00
0/
1-
1+
b10 1
b101011011100 &
b100 %
#696000
1F
0:
0;
1B
0D
0=
0O
b1010 !
b1010 5
1X
08
1A
b0 $
b0 4
b0 6
b0 >
b0 ?
b0 G
b0 H
b0 P
b0 Q
b0 Y
b1110 #
b1110 3
b1110 )
b0 *
1,
00
0/
1-
1+
b11 1
b101011100000 &
b100 %
#697000
b1110 !
b1110 5
1O
b1 $
b1 4
b1 6
b1 >
b1 ?
b1 G
b1 H
b1 P
b1 Q
b1 Y
b1 *
0/
00
1.
1-
1+
1,
b0 1
b101011100100 &
b100 %
#698000
0F
b100 !
b100 5
0X
b10 $
b10 4
b10 6
b10 >
b10 ?
b10 G
b10 H
b10 P
b10 Q
b10 Y
b10 *
0/
00
1.
1-
1+
1,
b1 1
b101011101000 &
b100 %
#699000
b101 !
b101 5
1=
b11 $
b11 4
b11 6
b11 >
b11 ?
b11 G
b11 H
b11 P
b11 Q
b11 Y
b11 *
0/
00
1.
1-
1+
1,
b10 1
b101011101100 &
b100 %
#700000
1:
1;
0=
1F
0O
b1010 !
b1010 5
1X
18
b0 $
b0 4
b0 6
b0 >
b0 ?
b0 G
b0 H
b0 P
b0 Q
b0 Y
b1111 #
b1111 3
b1111 )
b0 *
0/
00
1.
1-
1+
1,
b11 1
b101011110000 &
b100 %
#701000
1=
b1111 !
b1111 5
1O
b1 $
b1 4
b1 6
b1 >
b1 ?
b1 G
b1 H
b1 P
b1 Q
b1 Y
b1 *
00
0/
1-
1+
b0 1
b101011110100 &
b100 %
#702000
0F
b101 !
b101 5
0X
b10 $
b10 4
b10 6
b10 >
b10 ?
b10 G
b10 H
b10 P
b10 Q
b10 Y
b10 *
00
0/
1-
1+
b1 1
b101011111000 &
b100 %
#703000
b11 $
b11 4
b11 6
b11 >
b11 ?
b11 G
b11 H
b11 P
b11 Q
b11 Y
b11 *
00
0/
1-
1+
b10 1
b101011111100 &
b100 %
#704000
0B
1D
0L
0M
0T
1V
0<
0=
0F
0O
b0 !
b0 5
0X
08
0A
0J
0S
17
b0 $
b0 4
b0 6
b0 >
b0 ?
b0 G
b0 H
b0 P
b0 Q
b0 Y
b0 #
b0 3
b1011 "
b1011 2
b1011 (
b0 )
b0 *
00
0/
1-
1+
b11 1
b101100000000 &
b100 %
#705000
1=
1F
b1011 !
b1011 5
1X
b1 $
b1 4
b1 6
b1 >
b1 ?
b1 G
b1 H
b1 P
b1 Q
b1 Y
b1 *
00
1.
1+
1/
0-
0,
b0 1
b101100000100 &
b100 %
#706000
b10 $
b10 4
b10 6
b10 >
b10 ?
b10 G
b10 H
b10 P
b10 Q
b10 Y
b10 *
00
1/
1.
1+
b1 1
b101100001000 &
b100 %
#707000
0=
0F
1O
b100 !
b100 5
0X
b11 $
b11 4
b11 6
b11 >
b11 ?
b11 G
b11 H
b11 P
b11 Q
b11 Y
b11 *
00
1/
1.
1+
b10 1
b101100001100 &
b100 %
#708000
1=
19
0;
b1 !
b1 5
0O
18
b0 $
b0 4
b0 6
b0 >
b0 ?
b0 G
b0 H
b0 P
b0 Q
b0 Y
b1 #
b1 3
b1 )
b0 *
00
1/
1.
1+
b11 1
b101100010000 &
b100 %
#709000
1F
b1011 !
b1011 5
1X
b1 $
b1 4
b1 6
b1 >
b1 ?
b1 G
b1 H
b1 P
b1 Q
b1 Y
b1 *
00
1.
1+
1/
0-
0,
b0 1
b101100010100 &
b100 %
#710000
b1010 !
b1010 5
0=
b10 $
b10 4
b10 6
b10 >
b10 ?
b10 G
b10 H
b10 P
b10 Q
b10 Y
b10 *
00
1.
1+
1/
0-
0,
b1 1
b101100011000 &
b100 %
#711000
0F
1O
b100 !
b100 5
0X
b11 $
b11 4
b11 6
b11 >
b11 ?
b11 G
b11 H
b11 P
b11 Q
b11 Y
b11 *
00
1.
1+
1/
0-
0,
b10 1
b101100011100 &
b100 %
#712000
1F
09
1;
1B
0D
0=
b10 !
b10 5
0O
08
1A
b0 $
b0 4
b0 6
b0 >
b0 ?
b0 G
b0 H
b0 P
b0 Q
b0 Y
b10 #
b10 3
b10 )
b0 *
00
1.
1+
1/
0-
0,
b11 1
b101100100000 &
b100 %
#713000
1=
b1011 !
b1011 5
1X
b1 $
b1 4
b1 6
b1 >
b1 ?
b1 G
b1 H
b1 P
b1 Q
b1 Y
b1 *
00
1.
1+
1/
0-
0,
b0 1
b101100100100 &
b100 %
#714000
b1001 !
b1001 5
0F
b10 $
b10 4
b10 6
b10 >
b10 ?
b10 G
b10 H
b10 P
b10 Q
b10 Y
b10 *
00
1.
1+
1/
0-
0,
b1 1
b101100101000 &
b100 %
#715000
0=
1O
b100 !
b100 5
0X
b11 $
b11 4
b11 6
b11 >
b11 ?
b11 G
b11 H
b11 P
b11 Q
b11 Y
b11 *
00
1.
1+
1/
0-
0,
b10 1
b101100101100 &
b100 %
#716000
1=
19
0;
1F
b11 !
b11 5
0O
18
b0 $
b0 4
b0 6
b0 >
b0 ?
b0 G
b0 H
b0 P
b0 Q
b0 Y
b11 #
b11 3
b11 )
b0 *
00
1.
1+
1/
0-
0,
b11 1
b101100110000 &
b100 %
#717000
b1011 !
b1011 5
1X
b1 $
b1 4
b1 6
b1 >
b1 ?
b1 G
b1 H
b1 P
b1 Q
b1 Y
b1 *
00
1.
1+
1/
0-
0,
b0 1
b101100110100 &
b100 %
#718000
0=
b1000 !
b1000 5
0F
b10 $
b10 4
b10 6
b10 >
b10 ?
b10 G
b10 H
b10 P
b10 Q
b10 Y
b10 *
00
1.
1+
1/
0-
0,
b1 1
b101100111000 &
b100 %
#719000
1O
b100 !
b100 5
0X
b11 $
b11 4
b11 6
b11 >
b11 ?
b11 G
b11 H
b11 P
b11 Q
b11 Y
b11 *
00
1.
1+
1/
0-
0,
b10 1
b101100111100 &
b100 %
#720000
09
1;
0B
1D
1L
1M
0=
0F
b0 !
b0 5
0O
08
0A
1J
b0 $
b0 4
b0 6
b0 >
b0 ?
b0 G
b0 H
b0 P
b0 Q
b0 Y
b100 #
b100 3
b100 )
b0 *
00
1.
1+
1/
0-
0,
b11 1
b101101000000 &
b100 %
#721000
1=
1F
1O
b1111 !
b1111 5
1X
b1 $
b1 4
b1 6
b1 >
b1 ?
b1 G
b1 H
b1 P
b1 Q
b1 Y
b1 *
00
1+
0,
b0 1
b101101000100 &
b100 %
#722000
b10 $
b10 4
b10 6
b10 >
b10 ?
b10 G
b10 H
b10 P
b10 Q
b10 Y
b10 *
00
1+
0,
b1 1
b101101001000 &
b100 %
#723000
0=
0F
b100 !
b100 5
0X
b11 $
b11 4
b11 6
b11 >
b11 ?
b11 G
b11 H
b11 P
b11 Q
b11 Y
b11 *
00
1+
0,
b10 1
b101101001100 &
b100 %
#724000
1=
19
0;
b1 !
b1 5
0O
18
b0 $
b0 4
b0 6
b0 >
b0 ?
b0 G
b0 H
b0 P
b0 Q
b0 Y
b101 #
b101 3
b101 )
b0 *
00
1+
0,
b11 1
b101101010000 &
b100 %
#725000
1F
1O
b1111 !
b1111 5
1X
b1 $
b1 4
b1 6
b1 >
b1 ?
b1 G
b1 H
b1 P
b1 Q
b1 Y
b1 *
00
1+
1/
0-
0,
b0 1
b101101010100 &
b100 %
#726000
b1110 !
b1110 5
0=
b10 $
b10 4
b10 6
b10 >
b10 ?
b10 G
b10 H
b10 P
b10 Q
b10 Y
b10 *
00
1+
1/
0-
0,
b1 1
b101101011000 &
b100 %
#727000
0F
b100 !
b100 5
0X
b11 $
b11 4
b11 6
b11 >
b11 ?
b11 G
b11 H
b11 P
b11 Q
b11 Y
b11 *
00
1+
1/
0-
0,
b10 1
b101101011100 &
b100 %
#728000
1F
09
1;
1B
0D
0=
b10 !
b10 5
0O
08
1A
b0 $
b0 4
b0 6
b0 >
b0 ?
b0 G
b0 H
b0 P
b0 Q
b0 Y
b110 #
b110 3
b110 )
b0 *
00
1+
1/
0-
0,
b11 1
b101101100000 &
b100 %
#729000
1=
1O
b1111 !
b1111 5
1X
b1 $
b1 4
b1 6
b1 >
b1 ?
b1 G
b1 H
b1 P
b1 Q
b1 Y
b1 *
00
1+
1/
0-
0,
b0 1
b101101100100 &
b100 %
#730000
b1101 !
b1101 5
0F
b10 $
b10 4
b10 6
b10 >
b10 ?
b10 G
b10 H
b10 P
b10 Q
b10 Y
b10 *
00
1+
1/
0-
0,
b1 1
b101101101000 &
b100 %
#731000
0=
b100 !
b100 5
0X
b11 $
b11 4
b11 6
b11 >
b11 ?
b11 G
b11 H
b11 P
b11 Q
b11 Y
b11 *
00
1+
1/
0-
0,
b10 1
b101101101100 &
b100 %
#732000
1=
19
0;
1F
b11 !
b11 5
0O
18
b0 $
b0 4
b0 6
b0 >
b0 ?
b0 G
b0 H
b0 P
b0 Q
b0 Y
b111 #
b111 3
b111 )
b0 *
00
1+
1/
0-
0,
b11 1
b101101110000 &
b100 %
#733000
1O
b1111 !
b1111 5
1X
b1 $
b1 4
b1 6
b1 >
b1 ?
b1 G
b1 H
b1 P
b1 Q
b1 Y
b1 *
00
1+
1/
0-
0,
b0 1
b101101110100 &
b100 %
#734000
0=
b1100 !
b1100 5
0F
b10 $
b10 4
b10 6
b10 >
b10 ?
b10 G
b10 H
b10 P
b10 Q
b10 Y
b10 *
00
1+
1/
0-
0,
b1 1
b101101111000 &
b100 %
#735000
b100 !
b100 5
0X
b11 $
b11 4
b11 6
b11 >
b11 ?
b11 G
b11 H
b11 P
b11 Q
b11 Y
b11 *
00
1+
1/
0-
0,
b10 1
b101101111100 &
b100 %
#736000
1X
09
1;
0B
1D
0L
0M
1T
0V
0=
0F
b1000 !
b1000 5
0O
08
0A
0J
1S
b0 $
b0 4
b0 6
b0 >
b0 ?
b0 G
b0 H
b0 P
b0 Q
b0 Y
b1000 #
b1000 3
b1000 )
b0 *
00
1+
1/
0-
0,
b11 1
b101110000000 &
b100 %
#737000
1=
b1011 !
b1011 5
1F
b1 $
b1 4
b1 6
b1 >
b1 ?
b1 G
b1 H
b1 P
b1 Q
b1 Y
b1 *
1-
1,
00
0/
1.
1+
b0 1
b101110000100 &
b100 %
#738000
b11 !
b11 5
0X
b10 $
b10 4
b10 6
b10 >
b10 ?
b10 G
b10 H
b10 P
b10 Q
b10 Y
b10 *
00
1.
1+
0/
1-
1,
b1 1
b101110001000 &
b100 %
#739000
0=
0F
b100 !
b100 5
1O
b11 $
b11 4
b11 6
b11 >
b11 ?
b11 G
b11 H
b11 P
b11 Q
b11 Y
b11 *
00
1.
1+
0/
1-
1,
b10 1
b101110001100 &
b100 %
#740000
1=
19
0;
0O
b1001 !
b1001 5
1X
18
b0 $
b0 4
b0 6
b0 >
b0 ?
b0 G
b0 H
b0 P
b0 Q
b0 Y
b1001 #
b1001 3
b1001 )
b0 *
00
1.
1+
0/
1-
1,
b11 1
b101110010000 &
b100 %
#741000
b1011 !
b1011 5
1F
b1 $
b1 4
b1 6
b1 >
b1 ?
b1 G
b1 H
b1 P
b1 Q
b1 Y
b1 *
00
1.
1+
0/
1-
1,
b0 1
b101110010100 &
b100 %
#742000
0=
b10 !
b10 5
0X
b10 $
b10 4
b10 6
b10 >
b10 ?
b10 G
b10 H
b10 P
b10 Q
b10 Y
b10 *
00
1.
1+
0/
1-
1,
b1 1
b101110011000 &
b100 %
#743000
0F
b100 !
b100 5
1O
b11 $
b11 4
b11 6
b11 >
b11 ?
b11 G
b11 H
b11 P
b11 Q
b11 Y
b11 *
00
1.
1+
0/
1-
1,
b10 1
b101110011100 &
b100 %
#744000
1F
09
1;
1B
0D
0=
0O
b1010 !
b1010 5
1X
08
1A
b0 $
b0 4
b0 6
b0 >
b0 ?
b0 G
b0 H
b0 P
b0 Q
b0 Y
b1010 #
b1010 3
b1010 )
b0 *
00
1.
1+
0/
1-
1,
b11 1
b101110100000 &
b100 %
#745000
b1011 !
b1011 5
1=
b1 $
b1 4
b1 6
b1 >
b1 ?
b1 G
b1 H
b1 P
b1 Q
b1 Y
b1 *
00
1.
1+
0/
1-
1,
b0 1
b101110100100 &
b100 %
#746000
0F
b1 !
b1 5
0X
b10 $
b10 4
b10 6
b10 >
b10 ?
b10 G
b10 H
b10 P
b10 Q
b10 Y
b10 *
00
1.
1+
0/
1-
1,
b1 1
b101110101000 &
b100 %
#747000
0=
b100 !
b100 5
1O
b11 $
b11 4
b11 6
b11 >
b11 ?
b11 G
b11 H
b11 P
b11 Q
b11 Y
b11 *
00
1.
1+
0/
1-
1,
b10 1
b101110101100 &
b100 %
#748000
1=
19
0;
1F
0O
b1011 !
b1011 5
1X
18
b0 $
b0 4
b0 6
b0 >
b0 ?
b0 G
b0 H
b0 P
b0 Q
b0 Y
b1011 #
b1011 3
b1011 )
b0 *
00
1.
1+
0/
1-
1,
b11 1
b101110110000 &
b100 %
#749000
b1 $
b1 4
b1 6
b1 >
b1 ?
b1 G
b1 H
b1 P
b1 Q
b1 Y
b1 *
00
1.
1-
1+
1,
b0 1
b101110110100 &
b100 %
#750000
0=
0F
b0 !
b0 5
0X
b10 $
b10 4
b10 6
b10 >
b10 ?
b10 G
b10 H
b10 P
b10 Q
b10 Y
b10 *
00
1.
1-
1+
1,
b1 1
b101110111000 &
b100 %
#751000
b100 !
b100 5
1O
b11 $
b11 4
b11 6
b11 >
b11 ?
b11 G
b11 H
b11 P
b11 Q
b11 Y
b11 *
00
1.
1-
1+
1,
b10 1
b101110111100 &
b100 %
#752000
09
1;
0B
1D
1L
1M
0=
0F
0O
b1000 !
b1000 5
1X
08
0A
1J
b0 $
b0 4
b0 6
b0 >
b0 ?
b0 G
b0 H
b0 P
b0 Q
b0 Y
b1100 #
b1100 3
b1100 )
b0 *
00
1.
1-
1+
1,
b11 1
b101111000000 &
b100 %
#753000
1=
1F
b1111 !
b1111 5
1O
b1 $
b1 4
b1 6
b1 >
b1 ?
b1 G
b1 H
b1 P
b1 Q
b1 Y
b1 *
00
1+
0/
1-
1,
b0 1
b101111000100 &
b100 %
#754000
b111 !
b111 5
0X
b10 $
b10 4
b10 6
b10 >
b10 ?
b10 G
b10 H
b10 P
b10 Q
b10 Y
b10 *
00
1+
0/
1-
1,
b1 1
b101111001000 &
b100 %
#755000
0=
b100 !
b100 5
0F
b11 $
b11 4
b11 6
b11 >
b11 ?
b11 G
b11 H
b11 P
b11 Q
b11 Y
b11 *
00
1+
0/
1-
1,
b10 1
b101111001100 &
b100 %
#756000
1=
19
0;
0O
b1001 !
b1001 5
1X
18
b0 $
b0 4
b0 6
b0 >
b0 ?
b0 G
b0 H
b0 P
b0 Q
b0 Y
b1101 #
b1101 3
b1101 )
b0 *
00
1+
0/
1-
1,
b11 1
b101111010000 &
b100 %
#757000
1F
b1111 !
b1111 5
1O
b1 $
b1 4
b1 6
b1 >
b1 ?
b1 G
b1 H
b1 P
b1 Q
b1 Y
b1 *
00
1+
0/
1-
1,
b0 1
b101111010100 &
b100 %
#758000
0=
b110 !
b110 5
0X
b10 $
b10 4
b10 6
b10 >
b10 ?
b10 G
b10 H
b10 P
b10 Q
b10 Y
b10 *
00
1+
0/
1-
1,
b1 1
b101111011000 &
b100 %
#759000
b100 !
b100 5
0F
b11 $
b11 4
b11 6
b11 >
b11 ?
b11 G
b11 H
b11 P
b11 Q
b11 Y
b11 *
00
1+
0/
1-
1,
b10 1
b101111011100 &
b100 %
#760000
1F
09
1;
1B
0D
0=
0O
b1010 !
b1010 5
1X
08
1A
b0 $
b0 4
b0 6
b0 >
b0 ?
b0 G
b0 H
b0 P
b0 Q
b0 Y
b1110 #
b1110 3
b1110 )
b0 *
00
1+
0/
1-
1,
b11 1
b101111100000 &
b100 %
#761000
1=
b1111 !
b1111 5
1O
b1 $
b1 4
b1 6
b1 >
b1 ?
b1 G
b1 H
b1 P
b1 Q
b1 Y
b1 *
00
1+
0/
1-
1,
b0 1
b101111100100 &
b100 %
#762000
0F
b101 !
b101 5
0X
b10 $
b10 4
b10 6
b10 >
b10 ?
b10 G
b10 H
b10 P
b10 Q
b10 Y
b10 *
00
1+
0/
1-
1,
b1 1
b101111101000 &
b100 %
#763000
b100 !
b100 5
0=
b11 $
b11 4
b11 6
b11 >
b11 ?
b11 G
b11 H
b11 P
b11 Q
b11 Y
b11 *
00
1+
0/
1-
1,
b10 1
b101111101100 &
b100 %
#764000
1=
19
0;
1F
0O
b1011 !
b1011 5
1X
18
b0 $
b0 4
b0 6
b0 >
b0 ?
b0 G
b0 H
b0 P
b0 Q
b0 Y
b1111 #
b1111 3
b1111 )
b0 *
00
1+
0/
1-
1,
b11 1
b101111110000 &
b100 %
#765000
b1111 !
b1111 5
1O
b1 $
b1 4
b1 6
b1 >
b1 ?
b1 G
b1 H
b1 P
b1 Q
b1 Y
b1 *
00
0/
1-
1+
b0 1
b101111110100 &
b100 %
#766000
0=
0F
b100 !
b100 5
0X
b10 $
b10 4
b10 6
b10 >
b10 ?
b10 G
b10 H
b10 P
b10 Q
b10 Y
b10 *
00
0/
1-
1+
b1 1
b101111111000 &
b100 %
#767000
b11 $
b11 4
b11 6
b11 >
b11 ?
b11 G
b11 H
b11 P
b11 Q
b11 Y
b11 *
00
0/
1-
1+
b10 1
b101111111100 &
b100 %
#768000
0T
1V
09
0:
1<
0B
0C
1E
0N
0=
0F
0O
b0 !
b0 5
0X
08
0A
0J
0S
07
0@
1I
b0 $
b0 4
b0 6
b0 >
b0 ?
b0 G
b0 H
b0 P
b0 Q
b0 Y
b0 #
b0 3
b1100 "
b1100 2
b1100 (
b0 )
b0 *
00
0/
1-
1+
b11 1
b110000000000 &
b100 %
#769000
1O
b1100 !
b1100 5
1X
b1 $
b1 4
b1 6
b1 >
b1 ?
b1 G
b1 H
b1 P
b1 Q
b1 Y
b1 *
1/
00
1.
0-
1+
0,
b0 1
b110000000100 &
b100 %
#770000
b10 $
b10 4
b10 6
b10 >
b10 ?
b10 G
b10 H
b10 P
b10 Q
b10 Y
b10 *
00
1/
1.
1+
b1 1
b110000001000 &
b100 %
#771000
1=
1F
0O
b11 !
b11 5
0X
b11 $
b11 4
b11 6
b11 >
b11 ?
b11 G
b11 H
b11 P
b11 Q
b11 Y
b11 *
00
1/
1.
1+
b10 1
b110000001100 &
b100 %
#772000
1:
1;
0=
b0 !
b0 5
0F
18
b0 $
b0 4
b0 6
b0 >
b0 ?
b0 G
b0 H
b0 P
b0 Q
b0 Y
b1 #
b1 3
b1 )
b0 *
00
1/
1.
1+
b11 1
b110000010000 &
b100 %
#773000
1=
1O
b1101 !
b1101 5
1X
b1 $
b1 4
b1 6
b1 >
b1 ?
b1 G
b1 H
b1 P
b1 Q
b1 Y
b1 *
1/
1.
00
1+
0,
b0 1
b110000010100 &
b100 %
#774000
b10 $
b10 4
b10 6
b10 >
b10 ?
b10 G
b10 H
b10 P
b10 Q
b10 Y
b10 *
1/
1.
00
1+
0,
b1 1
b110000011000 &
b100 %
#775000
1F
0O
b11 !
b11 5
0X
b11 $
b11 4
b11 6
b11 >
b11 ?
b11 G
b11 H
b11 P
b11 Q
b11 Y
b11 *
1/
1.
00
1+
0,
b10 1
b110000011100 &
b100 %
#776000
0:
0;
1C
1D
0=
b0 !
b0 5
0F
08
1A
b0 $
b0 4
b0 6
b0 >
b0 ?
b0 G
b0 H
b0 P
b0 Q
b0 Y
b10 #
b10 3
b10 )
b0 *
1/
1.
00
1+
0,
b11 1
b110000100000 &
b100 %
#777000
1F
1O
b1110 !
b1110 5
1X
b1 $
b1 4
b1 6
b1 >
b1 ?
b1 G
b1 H
b1 P
b1 Q
b1 Y
b1 *
0,
00
1/
1.
1+
b0 1
b110000100100 &
b100 %
#778000
b10 $
b10 4
b10 6
b10 >
b10 ?
b10 G
b10 H
b10 P
b10 Q
b10 Y
b10 *
0,
00
1/
1.
1+
b1 1
b110000101000 &
b100 %
#779000
1=
0O
b11 !
b11 5
0X
b11 $
b11 4
b11 6
b11 >
b11 ?
b11 G
b11 H
b11 P
b11 Q
b11 Y
b11 *
0,
00
1/
1.
1+
b10 1
b110000101100 &
b100 %
#780000
1:
1;
0=
b0 !
b0 5
0F
18
b0 $
b0 4
b0 6
b0 >
b0 ?
b0 G
b0 H
b0 P
b0 Q
b0 Y
b11 #
b11 3
b11 )
b0 *
0,
00
1/
1.
1+
b11 1
b110000110000 &
b100 %
#781000
1=
1F
1O
b1111 !
b1111 5
1X
b1 $
b1 4
b1 6
b1 >
b1 ?
b1 G
b1 H
b1 P
b1 Q
b1 Y
b1 *
00
1+
0,
b0 1
b110000110100 &
b100 %
#782000
b10 $
b10 4
b10 6
b10 >
b10 ?
b10 G
b10 H
b10 P
b10 Q
b10 Y
b10 *
00
1+
0,
b1 1
b110000111000 &
b100 %
#783000
0O
b11 !
b11 5
0X
b11 $
b11 4
b11 6
b11 >
b11 ?
b11 G
b11 H
b11 P
b11 Q
b11 Y
b11 *
00
1+
0,
b10 1
b110000111100 &
b100 %
#784000
1O
0:
0;
0C
0D
1K
0M
0=
b100 !
b100 5
0F
08
0A
1J
b0 $
b0 4
b0 6
b0 >
b0 ?
b0 G
b0 H
b0 P
b0 Q
b0 Y
b100 #
b100 3
b100 )
b0 *
00
1+
0,
b11 1
b110001000000 &
b100 %
#785000
b1100 !
b1100 5
1X
b1 $
b1 4
b1 6
b1 >
b1 ?
b1 G
b1 H
b1 P
b1 Q
b1 Y
b1 *
0-
0,
00
1/
1.
1+
b0 1
b110001000100 &
b100 %
#786000
b1000 !
b1000 5
0O
b10 $
b10 4
b10 6
b10 >
b10 ?
b10 G
b10 H
b10 P
b10 Q
b10 Y
b10 *
0-
0,
00
1/
1.
1+
b1 1
b110001001000 &
b100 %
#787000
1=
1F
b11 !
b11 5
0X
b11 $
b11 4
b11 6
b11 >
b11 ?
b11 G
b11 H
b11 P
b11 Q
b11 Y
b11 *
0-
0,
00
1/
1.
1+
b10 1
b110001001100 &
b100 %
#788000
1:
1;
0=
0F
b100 !
b100 5
1O
18
b0 $
b0 4
b0 6
b0 >
b0 ?
b0 G
b0 H
b0 P
b0 Q
b0 Y
b101 #
b101 3
b101 )
b0 *
0-
0,
00
1/
1.
1+
b11 1
b110001010000 &
b100 %
#789000
1=
b1101 !
b1101 5
1X
b1 $
b1 4
b1 6
b1 >
b1 ?
b1 G
b1 H
b1 P
b1 Q
b1 Y
b1 *
0-
1/
1.
00
1+
0,
b0 1
b110001010100 &
b100 %
#790000
b1001 !
b1001 5
0O
b10 $
b10 4
b10 6
b10 >
b10 ?
b10 G
b10 H
b10 P
b10 Q
b10 Y
b10 *
0-
1/
1.
00
1+
0,
b1 1
b110001011000 &
b100 %
#791000
1F
b11 !
b11 5
0X
b11 $
b11 4
b11 6
b11 >
b11 ?
b11 G
b11 H
b11 P
b11 Q
b11 Y
b11 *
0-
1/
1.
00
1+
0,
b10 1
b110001011100 &
b100 %
#792000
0:
0;
1C
1D
0=
0F
b100 !
b100 5
1O
08
1A
b0 $
b0 4
b0 6
b0 >
b0 ?
b0 G
b0 H
b0 P
b0 Q
b0 Y
b110 #
b110 3
b110 )
b0 *
0-
1/
1.
00
1+
0,
b11 1
b110001100000 &
b100 %
#793000
1F
b1110 !
b1110 5
1X
b1 $
b1 4
b1 6
b1 >
b1 ?
b1 G
b1 H
b1 P
b1 Q
b1 Y
b1 *
0-
0,
00
1/
1.
1+
b0 1
b110001100100 &
b100 %
#794000
b1010 !
b1010 5
0O
b10 $
b10 4
b10 6
b10 >
b10 ?
b10 G
b10 H
b10 P
b10 Q
b10 Y
b10 *
0-
0,
00
1/
1.
1+
b1 1
b110001101000 &
b100 %
#795000
1=
b11 !
b11 5
0X
b11 $
b11 4
b11 6
b11 >
b11 ?
b11 G
b11 H
b11 P
b11 Q
b11 Y
b11 *
0-
0,
00
1/
1.
1+
b10 1
b110001101100 &
b100 %
#796000
1:
1;
0=
0F
b100 !
b100 5
1O
18
b0 $
b0 4
b0 6
b0 >
b0 ?
b0 G
b0 H
b0 P
b0 Q
b0 Y
b111 #
b111 3
b111 )
b0 *
0-
0,
00
1/
1.
1+
b11 1
b110001110000 &
b100 %
#797000
1=
1F
b1111 !
b1111 5
1X
b1 $
b1 4
b1 6
b1 >
b1 ?
b1 G
b1 H
b1 P
b1 Q
b1 Y
b1 *
1/
0-
00
1+
0,
b0 1
b110001110100 &
b100 %
#798000
b1011 !
b1011 5
0O
b10 $
b10 4
b10 6
b10 >
b10 ?
b10 G
b10 H
b10 P
b10 Q
b10 Y
b10 *
1/
0-
00
1+
0,
b1 1
b110001111000 &
b100 %
#799000
b11 !
b11 5
0X
b11 $
b11 4
b11 6
b11 >
b11 ?
b11 G
b11 H
b11 P
b11 Q
b11 Y
b11 *
1/
0-
00
1+
0,
b10 1
b110001111100 &
b100 %
#800000
1X
0:
0;
0C
0D
0K
1M
1T
0V
0=
0F
b1000 !
b1000 5
0O
08
0A
0J
1S
b0 $
b0 4
b0 6
b0 >
b0 ?
b0 G
b0 H
b0 P
b0 Q
b0 Y
b1000 #
b1000 3
b1000 )
b0 *
1/
0-
00
1+
0,
b11 1
b110010000000 &
b100 %
#801000
b1100 !
b1100 5
1O
b1 $
b1 4
b1 6
b1 >
b1 ?
b1 G
b1 H
b1 P
b1 Q
b1 Y
b1 *
1-
1,
00
0/
1.
1+
b0 1
b110010000100 &
b100 %
#802000
b100 !
b100 5
0X
b10 $
b10 4
b10 6
b10 >
b10 ?
b10 G
b10 H
b10 P
b10 Q
b10 Y
b10 *
0/
00
1.
1-
1+
1,
b1 1
b110010001000 &
b100 %
#803000
1=
1F
b11 !
b11 5
0O
b11 $
b11 4
b11 6
b11 >
b11 ?
b11 G
b11 H
b11 P
b11 Q
b11 Y
b11 *
0/
00
1.
1-
1+
1,
b10 1
b110010001100 &
b100 %
#804000
1:
1;
0=
0F
b1000 !
b1000 5
1X
18
b0 $
b0 4
b0 6
b0 >
b0 ?
b0 G
b0 H
b0 P
b0 Q
b0 Y
b1001 #
b1001 3
b1001 )
b0 *
0/
00
1.
1-
1+
1,
b11 1
b110010010000 &
b100 %
#805000
1=
b1101 !
b1101 5
1O
b1 $
b1 4
b1 6
b1 >
b1 ?
b1 G
b1 H
b1 P
b1 Q
b1 Y
b1 *
1.
1,
00
0/
1-
1+
b0 1
b110010010100 &
b100 %
#806000
b101 !
b101 5
0X
b10 $
b10 4
b10 6
b10 >
b10 ?
b10 G
b10 H
b10 P
b10 Q
b10 Y
b10 *
1.
1,
00
0/
1-
1+
b1 1
b110010011000 &
b100 %
#807000
1F
b11 !
b11 5
0O
b11 $
b11 4
b11 6
b11 >
b11 ?
b11 G
b11 H
b11 P
b11 Q
b11 Y
b11 *
1.
1,
00
0/
1-
1+
b10 1
b110010011100 &
b100 %
#808000
0:
0;
1C
1D
0=
0F
b1000 !
b1000 5
1X
08
1A
b0 $
b0 4
b0 6
b0 >
b0 ?
b0 G
b0 H
b0 P
b0 Q
b0 Y
b1010 #
b1010 3
b1010 )
b0 *
1.
1,
00
0/
1-
1+
b11 1
b110010100000 &
b100 %
#809000
1F
b1110 !
b1110 5
1O
b1 $
b1 4
b1 6
b1 >
b1 ?
b1 G
b1 H
b1 P
b1 Q
b1 Y
b1 *
0/
00
1.
1-
1+
1,
b0 1
b110010100100 &
b100 %
#810000
b110 !
b110 5
0X
b10 $
b10 4
b10 6
b10 >
b10 ?
b10 G
b10 H
b10 P
b10 Q
b10 Y
b10 *
0/
00
1.
1-
1+
1,
b1 1
b110010101000 &
b100 %
#811000
1=
b11 !
b11 5
0O
b11 $
b11 4
b11 6
b11 >
b11 ?
b11 G
b11 H
b11 P
b11 Q
b11 Y
b11 *
0/
00
1.
1-
1+
1,
b10 1
b110010101100 &
b100 %
#812000
1:
1;
0=
0F
b1000 !
b1000 5
1X
18
b0 $
b0 4
b0 6
b0 >
b0 ?
b0 G
b0 H
b0 P
b0 Q
b0 Y
b1011 #
b1011 3
b1011 )
b0 *
0/
00
1.
1-
1+
1,
b11 1
b110010110000 &
b100 %
#813000
1=
1F
b1111 !
b1111 5
1O
b1 $
b1 4
b1 6
b1 >
b1 ?
b1 G
b1 H
b1 P
b1 Q
b1 Y
b1 *
1,
00
0/
1-
1+
b0 1
b110010110100 &
b100 %
#814000
b111 !
b111 5
0X
b10 $
b10 4
b10 6
b10 >
b10 ?
b10 G
b10 H
b10 P
b10 Q
b10 Y
b10 *
1,
00
0/
1-
1+
b1 1
b110010111000 &
b100 %
#815000
b11 !
b11 5
0O
b11 $
b11 4
b11 6
b11 >
b11 ?
b11 G
b11 H
b11 P
b11 Q
b11 Y
b11 *
1,
00
0/
1-
1+
b10 1
b110010111100 &
b100 %
#816000
1O
0:
0;
0C
0D
1K
0M
0=
0F
b1100 !
b1100 5
1X
08
0A
1J
b0 $
b0 4
b0 6
b0 >
b0 ?
b0 G
b0 H
b0 P
b0 Q
b0 Y
b1100 #
b1100 3
b1100 )
b0 *
1,
00
0/
1-
1+
b11 1
b110011000000 &
b100 %
#817000
b1 $
b1 4
b1 6
b1 >
b1 ?
b1 G
b1 H
b1 P
b1 Q
b1 Y
b1 *
00
1.
1-
1+
1,
b0 1
b110011000100 &
b100 %
#818000
0O
b0 !
b0 5
0X
b10 $
b10 4
b10 6
b10 >
b10 ?
b10 G
b10 H
b10 P
b10 Q
b10 Y
b10 *
00
1.
1-
1+
1,
b1 1
b110011001000 &
b100 %
#819000
1=
b11 !
b11 5
1F
b11 $
b11 4
b11 6
b11 >
b11 ?
b11 G
b11 H
b11 P
b11 Q
b11 Y
b11 *
00
1.
1-
1+
1,
b10 1
b110011001100 &
b100 %
#820000
1:
1;
0=
0F
1O
b1100 !
b1100 5
1X
18
b0 $
b0 4
b0 6
b0 >
b0 ?
b0 G
b0 H
b0 P
b0 Q
b0 Y
b1101 #
b1101 3
b1101 )
b0 *
00
1.
1-
1+
1,
b11 1
b110011010000 &
b100 %
#821000
b1101 !
b1101 5
1=
b1 $
b1 4
b1 6
b1 >
b1 ?
b1 G
b1 H
b1 P
b1 Q
b1 Y
b1 *
1.
1,
00
0/
1-
1+
b0 1
b110011010100 &
b100 %
#822000
0O
b1 !
b1 5
0X
b10 $
b10 4
b10 6
b10 >
b10 ?
b10 G
b10 H
b10 P
b10 Q
b10 Y
b10 *
1.
1,
00
0/
1-
1+
b1 1
b110011011000 &
b100 %
#823000
b11 !
b11 5
1F
b11 $
b11 4
b11 6
b11 >
b11 ?
b11 G
b11 H
b11 P
b11 Q
b11 Y
b11 *
1.
1,
00
0/
1-
1+
b10 1
b110011011100 &
b100 %
#824000
0:
0;
1C
1D
0=
0F
1O
b1100 !
b1100 5
1X
08
1A
b0 $
b0 4
b0 6
b0 >
b0 ?
b0 G
b0 H
b0 P
b0 Q
b0 Y
b1110 #
b1110 3
b1110 )
b0 *
1.
1,
00
0/
1-
1+
b11 1
b110011100000 &
b100 %
#825000
b1110 !
b1110 5
1F
b1 $
b1 4
b1 6
b1 >
b1 ?
b1 G
b1 H
b1 P
b1 Q
b1 Y
b1 *
0/
00
1.
1-
1+
1,
b0 1
b110011100100 &
b100 %
#826000
0O
b10 !
b10 5
0X
b10 $
b10 4
b10 6
b10 >
b10 ?
b10 G
b10 H
b10 P
b10 Q
b10 Y
b10 *
0/
00
1.
1-
1+
1,
b1 1
b110011101000 &
b100 %
#827000
b11 !
b11 5
1=
b11 $
b11 4
b11 6
b11 >
b11 ?
b11 G
b11 H
b11 P
b11 Q
b11 Y
b11 *
0/
00
1.
1-
1+
1,
b10 1
b110011101100 &
b100 %
#828000
1:
1;
0=
0F
1O
b1100 !
b1100 5
1X
18
b0 $
b0 4
b0 6
b0 >
b0 ?
b0 G
b0 H
b0 P
b0 Q
b0 Y
b1111 #
b1111 3
b1111 )
b0 *
0/
00
1.
1-
1+
1,
b11 1
b110011110000 &
b100 %
#829000
1=
b1111 !
b1111 5
1F
b1 $
b1 4
b1 6
b1 >
b1 ?
b1 G
b1 H
b1 P
b1 Q
b1 Y
b1 *
00
0/
1-
1+
b0 1
b110011110100 &
b100 %
#830000
0O
b11 !
b11 5
0X
b10 $
b10 4
b10 6
b10 >
b10 ?
b10 G
b10 H
b10 P
b10 Q
b10 Y
b10 *
00
0/
1-
1+
b1 1
b110011111000 &
b100 %
#831000
b11 $
b11 4
b11 6
b11 >
b11 ?
b11 G
b11 H
b11 P
b11 Q
b11 Y
b11 *
00
0/
1-
1+
b10 1
b110011111100 &
b100 %
#832000
0C
0D
0K
1M
0T
1V
0<
0=
0F
0O
b0 !
b0 5
0X
08
0A
0J
0S
17
b0 $
b0 4
b0 6
b0 >
b0 ?
b0 G
b0 H
b0 P
b0 Q
b0 Y
b0 #
b0 3
b1101 "
b1101 2
b1101 (
b0 )
b0 *
00
0/
1-
1+
b11 1
b110100000000 &
b100 %
#833000
1=
1O
b1101 !
b1101 5
1X
b1 $
b1 4
b1 6
b1 >
b1 ?
b1 G
b1 H
b1 P
b1 Q
b1 Y
b1 *
00
1.
1+
1/
0-
0,
b0 1
b110100000100 &
b100 %
#834000
b10 $
b10 4
b10 6
b10 >
b10 ?
b10 G
b10 H
b10 P
b10 Q
b10 Y
b10 *
00
1/
1.
1+
b1 1
b110100001000 &
b100 %
#835000
0=
1F
0O
b10 !
b10 5
0X
b11 $
b11 4
b11 6
b11 >
b11 ?
b11 G
b11 H
b11 P
b11 Q
b11 Y
b11 *
00
1/
1.
1+
b10 1
b110100001100 &
b100 %
#836000
1=
19
0;
b1 !
b1 5
0F
18
b0 $
b0 4
b0 6
b0 >
b0 ?
b0 G
b0 H
b0 P
b0 Q
b0 Y
b1 #
b1 3
b1 )
b0 *
00
1/
1.
1+
b11 1
b110100010000 &
b100 %
#837000
1O
b1101 !
b1101 5
1X
b1 $
b1 4
b1 6
b1 >
b1 ?
b1 G
b1 H
b1 P
b1 Q
b1 Y
b1 *
00
1.
1+
1/
0-
0,
b0 1
b110100010100 &
b100 %
#838000
b1100 !
b1100 5
0=
b10 $
b10 4
b10 6
b10 >
b10 ?
b10 G
b10 H
b10 P
b10 Q
b10 Y
b10 *
00
1.
1+
1/
0-
0,
b1 1
b110100011000 &
b100 %
#839000
1F
0O
b10 !
b10 5
0X
b11 $
b11 4
b11 6
b11 >
b11 ?
b11 G
b11 H
b11 P
b11 Q
b11 Y
b11 *
00
1.
1+
1/
0-
0,
b10 1
b110100011100 &
b100 %
#840000
09
1;
1C
1D
0=
b0 !
b0 5
0F
08
1A
b0 $
b0 4
b0 6
b0 >
b0 ?
b0 G
b0 H
b0 P
b0 Q
b0 Y
b10 #
b10 3
b10 )
b0 *
00
1.
1+
1/
0-
0,
b11 1
b110100100000 &
b100 %
#841000
1=
1F
1O
b1111 !
b1111 5
1X
b1 $
b1 4
b1 6
b1 >
b1 ?
b1 G
b1 H
b1 P
b1 Q
b1 Y
b1 *
00
1+
0,
b0 1
b110100100100 &
b100 %
#842000
b10 $
b10 4
b10 6
b10 >
b10 ?
b10 G
b10 H
b10 P
b10 Q
b10 Y
b10 *
00
1+
0,
b1 1
b110100101000 &
b100 %
#843000
0=
0O
b10 !
b10 5
0X
b11 $
b11 4
b11 6
b11 >
b11 ?
b11 G
b11 H
b11 P
b11 Q
b11 Y
b11 *
00
1+
0,
b10 1
b110100101100 &
b100 %
#844000
1=
19
0;
b1 !
b1 5
0F
18
b0 $
b0 4
b0 6
b0 >
b0 ?
b0 G
b0 H
b0 P
b0 Q
b0 Y
b11 #
b11 3
b11 )
b0 *
00
1+
0,
b11 1
b110100110000 &
b100 %
#845000
1F
1O
b1111 !
b1111 5
1X
b1 $
b1 4
b1 6
b1 >
b1 ?
b1 G
b1 H
b1 P
b1 Q
b1 Y
b1 *
00
1+
1/
0-
0,
b0 1
b110100110100 &
b100 %
#846000
b1110 !
b1110 5
0=
b10 $
b10 4
b10 6
b10 >
b10 ?
b10 G
b10 H
b10 P
b10 Q
b10 Y
b10 *
00
1+
1/
0-
0,
b1 1
b110100111000 &
b100 %
#847000
0O
b10 !
b10 5
0X
b11 $
b11 4
b11 6
b11 >
b11 ?
b11 G
b11 H
b11 P
b11 Q
b11 Y
b11 *
00
1+
1/
0-
0,
b10 1
b110100111100 &
b100 %
#848000
1O
09
1;
0C
0D
1K
0M
0=
b100 !
b100 5
0F
08
0A
1J
b0 $
b0 4
b0 6
b0 >
b0 ?
b0 G
b0 H
b0 P
b0 Q
b0 Y
b100 #
b100 3
b100 )
b0 *
00
1+
1/
0-
0,
b11 1
b110101000000 &
b100 %
#849000
1=
b1101 !
b1101 5
1X
b1 $
b1 4
b1 6
b1 >
b1 ?
b1 G
b1 H
b1 P
b1 Q
b1 Y
b1 *
0-
0,
00
1/
1.
1+
b0 1
b110101000100 &
b100 %
#850000
b1001 !
b1001 5
0O
b10 $
b10 4
b10 6
b10 >
b10 ?
b10 G
b10 H
b10 P
b10 Q
b10 Y
b10 *
0-
0,
00
1/
1.
1+
b1 1
b110101001000 &
b100 %
#851000
0=
1F
b10 !
b10 5
0X
b11 $
b11 4
b11 6
b11 >
b11 ?
b11 G
b11 H
b11 P
b11 Q
b11 Y
b11 *
0-
0,
00
1/
1.
1+
b10 1
b110101001100 &
b100 %
#852000
1=
19
0;
0F
b101 !
b101 5
1O
18
b0 $
b0 4
b0 6
b0 >
b0 ?
b0 G
b0 H
b0 P
b0 Q
b0 Y
b101 #
b101 3
b101 )
b0 *
0-
0,
00
1/
1.
1+
b11 1
b110101010000 &
b100 %
#853000
b1101 !
b1101 5
1X
b1 $
b1 4
b1 6
b1 >
b1 ?
b1 G
b1 H
b1 P
b1 Q
b1 Y
b1 *
00
1.
1+
1/
0-
0,
b0 1
b110101010100 &
b100 %
#854000
0=
b1000 !
b1000 5
0O
b10 $
b10 4
b10 6
b10 >
b10 ?
b10 G
b10 H
b10 P
b10 Q
b10 Y
b10 *
00
1.
1+
1/
0-
0,
b1 1
b110101011000 &
b100 %
#855000
1F
b10 !
b10 5
0X
b11 $
b11 4
b11 6
b11 >
b11 ?
b11 G
b11 H
b11 P
b11 Q
b11 Y
b11 *
00
1.
1+
1/
0-
0,
b10 1
b110101011100 &
b100 %
#856000
09
1;
1C
1D
0=
0F
b100 !
b100 5
1O
08
1A
b0 $
b0 4
b0 6
b0 >
b0 ?
b0 G
b0 H
b0 P
b0 Q
b0 Y
b110 #
b110 3
b110 )
b0 *
00
1.
1+
1/
0-
0,
b11 1
b110101100000 &
b100 %
#857000
1=
1F
b1111 !
b1111 5
1X
b1 $
b1 4
b1 6
b1 >
b1 ?
b1 G
b1 H
b1 P
b1 Q
b1 Y
b1 *
1/
0-
00
1+
0,
b0 1
b110101100100 &
b100 %
#858000
b1011 !
b1011 5
0O
b10 $
b10 4
b10 6
b10 >
b10 ?
b10 G
b10 H
b10 P
b10 Q
b10 Y
b10 *
1/
0-
00
1+
0,
b1 1
b110101101000 &
b100 %
#859000
0=
b10 !
b10 5
0X
b11 $
b11 4
b11 6
b11 >
b11 ?
b11 G
b11 H
b11 P
b11 Q
b11 Y
b11 *
1/
0-
00
1+
0,
b10 1
b110101101100 &
b100 %
#860000
1=
19
0;
0F
b101 !
b101 5
1O
18
b0 $
b0 4
b0 6
b0 >
b0 ?
b0 G
b0 H
b0 P
b0 Q
b0 Y
b111 #
b111 3
b111 )
b0 *
1/
0-
00
1+
0,
b11 1
b110101110000 &
b100 %
#861000
1F
b1111 !
b1111 5
1X
b1 $
b1 4
b1 6
b1 >
b1 ?
b1 G
b1 H
b1 P
b1 Q
b1 Y
b1 *
00
1+
1/
0-
0,
b0 1
b110101110100 &
b100 %
#862000
0=
b1010 !
b1010 5
0O
b10 $
b10 4
b10 6
b10 >
b10 ?
b10 G
b10 H
b10 P
b10 Q
b10 Y
b10 *
00
1+
1/
0-
0,
b1 1
b110101111000 &
b100 %
#863000
b10 !
b10 5
0X
b11 $
b11 4
b11 6
b11 >
b11 ?
b11 G
b11 H
b11 P
b11 Q
b11 Y
b11 *
00
1+
1/
0-
0,
b10 1
b110101111100 &
b100 %
#864000
1X
09
1;
0C
0D
0K
1M
1T
0V
0=
0F
b1000 !
b1000 5
0O
08
0A
0J
1S
b0 $
b0 4
b0 6
b0 >
b0 ?
b0 G
b0 H
b0 P
b0 Q
b0 Y
b1000 #
b1000 3
b1000 )
b0 *
00
1+
1/
0-
0,
b11 1
b110110000000 &
b100 %
#865000
1=
b1101 !
b1101 5
1O
b1 $
b1 4
b1 6
b1 >
b1 ?
b1 G
b1 H
b1 P
b1 Q
b1 Y
b1 *
1-
1,
00
0/
1.
1+
b0 1
b110110000100 &
b100 %
#866000
b101 !
b101 5
0X
b10 $
b10 4
b10 6
b10 >
b10 ?
b10 G
b10 H
b10 P
b10 Q
b10 Y
b10 *
00
1.
1+
0/
1-
1,
b1 1
b110110001000 &
b100 %
#867000
0=
1F
b10 !
b10 5
0O
b11 $
b11 4
b11 6
b11 >
b11 ?
b11 G
b11 H
b11 P
b11 Q
b11 Y
b11 *
00
1.
1+
0/
1-
1,
b10 1
b110110001100 &
b100 %
#868000
1=
19
0;
0F
b1001 !
b1001 5
1X
18
b0 $
b0 4
b0 6
b0 >
b0 ?
b0 G
b0 H
b0 P
b0 Q
b0 Y
b1001 #
b1001 3
b1001 )
b0 *
00
1.
1+
0/
1-
1,
b11 1
b110110010000 &
b100 %
#869000
b1101 !
b1101 5
1O
b1 $
b1 4
b1 6
b1 >
b1 ?
b1 G
b1 H
b1 P
b1 Q
b1 Y
b1 *
0/
00
1.
1-
1+
1,
b0 1
b110110010100 &
b100 %
#870000
0=
b100 !
b100 5
0X
b10 $
b10 4
b10 6
b10 >
b10 ?
b10 G
b10 H
b10 P
b10 Q
b10 Y
b10 *
0/
00
1.
1-
1+
1,
b1 1
b110110011000 &
b100 %
#871000
1F
b10 !
b10 5
0O
b11 $
b11 4
b11 6
b11 >
b11 ?
b11 G
b11 H
b11 P
b11 Q
b11 Y
b11 *
0/
00
1.
1-
1+
1,
b10 1
b110110011100 &
b100 %
#872000
09
1;
1C
1D
0=
0F
b1000 !
b1000 5
1X
08
1A
b0 $
b0 4
b0 6
b0 >
b0 ?
b0 G
b0 H
b0 P
b0 Q
b0 Y
b1010 #
b1010 3
b1010 )
b0 *
0/
00
1.
1-
1+
1,
b11 1
b110110100000 &
b100 %
#873000
1=
1F
b1111 !
b1111 5
1O
b1 $
b1 4
b1 6
b1 >
b1 ?
b1 G
b1 H
b1 P
b1 Q
b1 Y
b1 *
00
1+
0/
1-
1,
b0 1
b110110100100 &
b100 %
#874000
b111 !
b111 5
0X
b10 $
b10 4
b10 6
b10 >
b10 ?
b10 G
b10 H
b10 P
b10 Q
b10 Y
b10 *
00
1+
0/
1-
1,
b1 1
b110110101000 &
b100 %
#875000
0=
b10 !
b10 5
0O
b11 $
b11 4
b11 6
b11 >
b11 ?
b11 G
b11 H
b11 P
b11 Q
b11 Y
b11 *
00
1+
0/
1-
1,
b10 1
b110110101100 &
b100 %
#876000
1=
19
0;
0F
b1001 !
b1001 5
1X
18
b0 $
b0 4
b0 6
b0 >
b0 ?
b0 G
b0 H
b0 P
b0 Q
b0 Y
b1011 #
b1011 3
b1011 )
b0 *
00
1+
0/
1-
1,
b11 1
b110110110000 &
b100 %
#877000
1F
b1111 !
b1111 5
1O
b1 $
b1 4
b1 6
b1 >
b1 ?
b1 G
b1 H
b1 P
b1 Q
b1 Y
b1 *
1,
00
0/
1-
1+
b0 1
b110110110100 &
b100 %
#878000
0=
b110 !
b110 5
0X
b10 $
b10 4
b10 6
b10 >
b10 ?
b10 G
b10 H
b10 P
b10 Q
b10 Y
b10 *
1,
00
0/
1-
1+
b1 1
b110110111000 &
b100 %
#879000
b10 !
b10 5
0O
b11 $
b11 4
b11 6
b11 >
b11 ?
b11 G
b11 H
b11 P
b11 Q
b11 Y
b11 *
1,
00
0/
1-
1+
b10 1
b110110111100 &
b100 %
#880000
1O
09
1;
0C
0D
1K
0M
0=
0F
b1100 !
b1100 5
1X
08
0A
1J
b0 $
b0 4
b0 6
b0 >
b0 ?
b0 G
b0 H
b0 P
b0 Q
b0 Y
b1100 #
b1100 3
b1100 )
b0 *
1,
00
0/
1-
1+
b11 1
b110111000000 &
b100 %
#881000
b1101 !
b1101 5
1=
b1 $
b1 4
b1 6
b1 >
b1 ?
b1 G
b1 H
b1 P
b1 Q
b1 Y
b1 *
00
1.
1+
0/
1-
1,
b0 1
b110111000100 &
b100 %
#882000
0O
b1 !
b1 5
0X
b10 $
b10 4
b10 6
b10 >
b10 ?
b10 G
b10 H
b10 P
b10 Q
b10 Y
b10 *
00
1.
1+
0/
1-
1,
b1 1
b110111001000 &
b100 %
#883000
0=
b10 !
b10 5
1F
b11 $
b11 4
b11 6
b11 >
b11 ?
b11 G
b11 H
b11 P
b11 Q
b11 Y
b11 *
00
1.
1+
0/
1-
1,
b10 1
b110111001100 &
b100 %
#884000
1=
19
0;
0F
1O
b1101 !
b1101 5
1X
18
b0 $
b0 4
b0 6
b0 >
b0 ?
b0 G
b0 H
b0 P
b0 Q
b0 Y
b1101 #
b1101 3
b1101 )
b0 *
00
1.
1+
0/
1-
1,
b11 1
b110111010000 &
b100 %
#885000
b1 $
b1 4
b1 6
b1 >
b1 ?
b1 G
b1 H
b1 P
b1 Q
b1 Y
b1 *
00
1.
1-
1+
1,
b0 1
b110111010100 &
b100 %
#886000
0=
0O
b0 !
b0 5
0X
b10 $
b10 4
b10 6
b10 >
b10 ?
b10 G
b10 H
b10 P
b10 Q
b10 Y
b10 *
00
1.
1-
1+
1,
b1 1
b110111011000 &
b100 %
#887000
b10 !
b10 5
1F
b11 $
b11 4
b11 6
b11 >
b11 ?
b11 G
b11 H
b11 P
b11 Q
b11 Y
b11 *
00
1.
1-
1+
1,
b10 1
b110111011100 &
b100 %
#888000
09
1;
1C
1D
0=
0F
1O
b1100 !
b1100 5
1X
08
1A
b0 $
b0 4
b0 6
b0 >
b0 ?
b0 G
b0 H
b0 P
b0 Q
b0 Y
b1110 #
b1110 3
b1110 )
b0 *
00
1.
1-
1+
1,
b11 1
b110111100000 &
b100 %
#889000
1=
b1111 !
b1111 5
1F
b1 $
b1 4
b1 6
b1 >
b1 ?
b1 G
b1 H
b1 P
b1 Q
b1 Y
b1 *
00
1+
0/
1-
1,
b0 1
b110111100100 &
b100 %
#890000
0O
b11 !
b11 5
0X
b10 $
b10 4
b10 6
b10 >
b10 ?
b10 G
b10 H
b10 P
b10 Q
b10 Y
b10 *
00
1+
0/
1-
1,
b1 1
b110111101000 &
b100 %
#891000
b10 !
b10 5
0=
b11 $
b11 4
b11 6
b11 >
b11 ?
b11 G
b11 H
b11 P
b11 Q
b11 Y
b11 *
00
1+
0/
1-
1,
b10 1
b110111101100 &
b100 %
#892000
1=
19
0;
0F
1O
b1101 !
b1101 5
1X
18
b0 $
b0 4
b0 6
b0 >
b0 ?
b0 G
b0 H
b0 P
b0 Q
b0 Y
b1111 #
b1111 3
b1111 )
b0 *
00
1+
0/
1-
1,
b11 1
b110111110000 &
b100 %
#893000
b1111 !
b1111 5
1F
b1 $
b1 4
b1 6
b1 >
b1 ?
b1 G
b1 H
b1 P
b1 Q
b1 Y
b1 *
00
0/
1-
1+
b0 1
b110111110100 &
b100 %
#894000
0=
0O
b10 !
b10 5
0X
b10 $
b10 4
b10 6
b10 >
b10 ?
b10 G
b10 H
b10 P
b10 Q
b10 Y
b10 *
00
0/
1-
1+
b1 1
b110111111000 &
b100 %
#895000
b11 $
b11 4
b11 6
b11 >
b11 ?
b11 G
b11 H
b11 P
b11 Q
b11 Y
b11 *
00
0/
1-
1+
b10 1
b110111111100 &
b100 %
#896000
0K
1M
0T
1V
09
0:
1<
0E
0=
0F
0O
b0 !
b0 5
0X
08
0A
0J
0S
07
1@
b0 $
b0 4
b0 6
b0 >
b0 ?
b0 G
b0 H
b0 P
b0 Q
b0 Y
b0 #
b0 3
b1110 "
b1110 2
b1110 (
b0 )
b0 *
00
0/
1-
1+
b11 1
b111000000000 &
b100 %
#897000
1F
1O
b1110 !
b1110 5
1X
b1 $
b1 4
b1 6
b1 >
b1 ?
b1 G
b1 H
b1 P
b1 Q
b1 Y
b1 *
1/
00
1.
0-
1+
0,
b0 1
b111000000100 &
b100 %
#898000
b10 $
b10 4
b10 6
b10 >
b10 ?
b10 G
b10 H
b10 P
b10 Q
b10 Y
b10 *
00
1/
1.
1+
b1 1
b111000001000 &
b100 %
#899000
1=
0F
0O
b1 !
b1 5
0X
b11 $
b11 4
b11 6
b11 >
b11 ?
b11 G
b11 H
b11 P
b11 Q
b11 Y
b11 *
00
1/
1.
1+
b10 1
b111000001100 &
b100 %
#900000
1:
1;
b0 !
b0 5
0=
18
b0 $
b0 4
b0 6
b0 >
b0 ?
b0 G
b0 H
b0 P
b0 Q
b0 Y
b1 #
b1 3
b1 )
b0 *
00
1/
1.
1+
b11 1
b111000010000 &
b100 %
#901000
1=
1F
1O
b1111 !
b1111 5
1X
b1 $
b1 4
b1 6
b1 >
b1 ?
b1 G
b1 H
b1 P
b1 Q
b1 Y
b1 *
00
1+
0,
b0 1
b111000010100 &
b100 %
#902000
b10 $
b10 4
b10 6
b10 >
b10 ?
b10 G
b10 H
b10 P
b10 Q
b10 Y
b10 *
00
1+
0,
b1 1
b111000011000 &
b100 %
#903000
0F
0O
b1 !
b1 5
0X
b11 $
b11 4
b11 6
b11 >
b11 ?
b11 G
b11 H
b11 P
b11 Q
b11 Y
b11 *
00
1+
0,
b10 1
b111000011100 &
b100 %
#904000
1F
0:
0;
1B
0D
b10 !
b10 5
0=
08
1A
b0 $
b0 4
b0 6
b0 >
b0 ?
b0 G
b0 H
b0 P
b0 Q
b0 Y
b10 #
b10 3
b10 )
b0 *
00
1+
0,
b11 1
b111000100000 &
b100 %
#905000
1O
b1110 !
b1110 5
1X
b1 $
b1 4
b1 6
b1 >
b1 ?
b1 G
b1 H
b1 P
b1 Q
b1 Y
b1 *
0-
0,
00
1/
1.
1+
b0 1
b111000100100 &
b100 %
#906000
b1100 !
b1100 5
0F
b10 $
b10 4
b10 6
b10 >
b10 ?
b10 G
b10 H
b10 P
b10 Q
b10 Y
b10 *
0-
0,
00
1/
1.
1+
b1 1
b111000101000 &
b100 %
#907000
1=
0O
b1 !
b1 5
0X
b11 $
b11 4
b11 6
b11 >
b11 ?
b11 G
b11 H
b11 P
b11 Q
b11 Y
b11 *
0-
0,
00
1/
1.
1+
b10 1
b111000101100 &
b100 %
#908000
1:
1;
0=
b10 !
b10 5
1F
18
b0 $
b0 4
b0 6
b0 >
b0 ?
b0 G
b0 H
b0 P
b0 Q
b0 Y
b11 #
b11 3
b11 )
b0 *
0-
0,
00
1/
1.
1+
b11 1
b111000110000 &
b100 %
#909000
1=
1O
b1111 !
b1111 5
1X
b1 $
b1 4
b1 6
b1 >
b1 ?
b1 G
b1 H
b1 P
b1 Q
b1 Y
b1 *
1/
0-
00
1+
0,
b0 1
b111000110100 &
b100 %
#910000
b1101 !
b1101 5
0F
b10 $
b10 4
b10 6
b10 >
b10 ?
b10 G
b10 H
b10 P
b10 Q
b10 Y
b10 *
1/
0-
00
1+
0,
b1 1
b111000111000 &
b100 %
#911000
0O
b1 !
b1 5
0X
b11 $
b11 4
b11 6
b11 >
b11 ?
b11 G
b11 H
b11 P
b11 Q
b11 Y
b11 *
1/
0-
00
1+
0,
b10 1
b111000111100 &
b100 %
#912000
1O
0:
0;
0B
1D
1K
0M
0=
b100 !
b100 5
0F
08
0A
1J
b0 $
b0 4
b0 6
b0 >
b0 ?
b0 G
b0 H
b0 P
b0 Q
b0 Y
b100 #
b100 3
b100 )
b0 *
1/
0-
00
1+
0,
b11 1
b111001000000 &
b100 %
#913000
1F
b1110 !
b1110 5
1X
b1 $
b1 4
b1 6
b1 >
b1 ?
b1 G
b1 H
b1 P
b1 Q
b1 Y
b1 *
0-
0,
00
1/
1.
1+
b0 1
b111001000100 &
b100 %
#914000
b1010 !
b1010 5
0O
b10 $
b10 4
b10 6
b10 >
b10 ?
b10 G
b10 H
b10 P
b10 Q
b10 Y
b10 *
0-
0,
00
1/
1.
1+
b1 1
b111001001000 &
b100 %
#915000
1=
0F
b1 !
b1 5
0X
b11 $
b11 4
b11 6
b11 >
b11 ?
b11 G
b11 H
b11 P
b11 Q
b11 Y
b11 *
0-
0,
00
1/
1.
1+
b10 1
b111001001100 &
b100 %
#916000
1:
1;
0=
b100 !
b100 5
1O
18
b0 $
b0 4
b0 6
b0 >
b0 ?
b0 G
b0 H
b0 P
b0 Q
b0 Y
b101 #
b101 3
b101 )
b0 *
0-
0,
00
1/
1.
1+
b11 1
b111001010000 &
b100 %
#917000
1=
1F
b1111 !
b1111 5
1X
b1 $
b1 4
b1 6
b1 >
b1 ?
b1 G
b1 H
b1 P
b1 Q
b1 Y
b1 *
1/
0-
00
1+
0,
b0 1
b111001010100 &
b100 %
#918000
b1011 !
b1011 5
0O
b10 $
b10 4
b10 6
b10 >
b10 ?
b10 G
b10 H
b10 P
b10 Q
b10 Y
b10 *
1/
0-
00
1+
0,
b1 1
b111001011000 &
b100 %
#919000
0F
b1 !
b1 5
0X
b11 $
b11 4
b11 6
b11 >
b11 ?
b11 G
b11 H
b11 P
b11 Q
b11 Y
b11 *
1/
0-
00
1+
0,
b10 1
b111001011100 &
b100 %
#920000
1F
0:
0;
1B
0D
0=
b110 !
b110 5
1O
08
1A
b0 $
b0 4
b0 6
b0 >
b0 ?
b0 G
b0 H
b0 P
b0 Q
b0 Y
b110 #
b110 3
b110 )
b0 *
1/
0-
00
1+
0,
b11 1
b111001100000 &
b100 %
#921000
b1110 !
b1110 5
1X
b1 $
b1 4
b1 6
b1 >
b1 ?
b1 G
b1 H
b1 P
b1 Q
b1 Y
b1 *
0-
0,
00
1/
1.
1+
b0 1
b111001100100 &
b100 %
#922000
0F
b1000 !
b1000 5
0O
b10 $
b10 4
b10 6
b10 >
b10 ?
b10 G
b10 H
b10 P
b10 Q
b10 Y
b10 *
0-
0,
00
1/
1.
1+
b1 1
b111001101000 &
b100 %
#923000
1=
b1 !
b1 5
0X
b11 $
b11 4
b11 6
b11 >
b11 ?
b11 G
b11 H
b11 P
b11 Q
b11 Y
b11 *
0-
0,
00
1/
1.
1+
b10 1
b111001101100 &
b100 %
#924000
1:
1;
0=
1F
b110 !
b110 5
1O
18
b0 $
b0 4
b0 6
b0 >
b0 ?
b0 G
b0 H
b0 P
b0 Q
b0 Y
b111 #
b111 3
b111 )
b0 *
0-
0,
00
1/
1.
1+
b11 1
b111001110000 &
b100 %
#925000
1=
b1111 !
b1111 5
1X
b1 $
b1 4
b1 6
b1 >
b1 ?
b1 G
b1 H
b1 P
b1 Q
b1 Y
b1 *
1/
0-
00
1+
0,
b0 1
b111001110100 &
b100 %
#926000
0F
b1001 !
b1001 5
0O
b10 $
b10 4
b10 6
b10 >
b10 ?
b10 G
b10 H
b10 P
b10 Q
b10 Y
b10 *
1/
0-
00
1+
0,
b1 1
b111001111000 &
b100 %
#927000
b1 !
b1 5
0X
b11 $
b11 4
b11 6
b11 >
b11 ?
b11 G
b11 H
b11 P
b11 Q
b11 Y
b11 *
1/
0-
00
1+
0,
b10 1
b111001111100 &
b100 %
#928000
1X
0:
0;
0B
1D
0K
1M
1T
0V
0=
0F
b1000 !
b1000 5
0O
08
0A
0J
1S
b0 $
b0 4
b0 6
b0 >
b0 ?
b0 G
b0 H
b0 P
b0 Q
b0 Y
b1000 #
b1000 3
b1000 )
b0 *
1/
0-
00
1+
0,
b11 1
b111010000000 &
b100 %
#929000
1F
b1110 !
b1110 5
1O
b1 $
b1 4
b1 6
b1 >
b1 ?
b1 G
b1 H
b1 P
b1 Q
b1 Y
b1 *
1-
1,
00
0/
1.
1+
b0 1
b111010000100 &
b100 %
#930000
b110 !
b110 5
0X
b10 $
b10 4
b10 6
b10 >
b10 ?
b10 G
b10 H
b10 P
b10 Q
b10 Y
b10 *
0/
00
1.
1-
1+
1,
b1 1
b111010001000 &
b100 %
#931000
1=
0F
b1 !
b1 5
0O
b11 $
b11 4
b11 6
b11 >
b11 ?
b11 G
b11 H
b11 P
b11 Q
b11 Y
b11 *
0/
00
1.
1-
1+
1,
b10 1
b111010001100 &
b100 %
#932000
1:
1;
0=
b1000 !
b1000 5
1X
18
b0 $
b0 4
b0 6
b0 >
b0 ?
b0 G
b0 H
b0 P
b0 Q
b0 Y
b1001 #
b1001 3
b1001 )
b0 *
0/
00
1.
1-
1+
1,
b11 1
b111010010000 &
b100 %
#933000
1=
1F
b1111 !
b1111 5
1O
b1 $
b1 4
b1 6
b1 >
b1 ?
b1 G
b1 H
b1 P
b1 Q
b1 Y
b1 *
1,
00
0/
1-
1+
b0 1
b111010010100 &
b100 %
#934000
b111 !
b111 5
0X
b10 $
b10 4
b10 6
b10 >
b10 ?
b10 G
b10 H
b10 P
b10 Q
b10 Y
b10 *
1,
00
0/
1-
1+
b1 1
b111010011000 &
b100 %
#935000
0F
b1 !
b1 5
0O
b11 $
b11 4
b11 6
b11 >
b11 ?
b11 G
b11 H
b11 P
b11 Q
b11 Y
b11 *
1,
00
0/
1-
1+
b10 1
b111010011100 &
b100 %
#936000
1F
0:
0;
1B
0D
0=
b1010 !
b1010 5
1X
08
1A
b0 $
b0 4
b0 6
b0 >
b0 ?
b0 G
b0 H
b0 P
b0 Q
b0 Y
b1010 #
b1010 3
b1010 )
b0 *
1,
00
0/
1-
1+
b11 1
b111010100000 &
b100 %
#937000
b1110 !
b1110 5
1O
b1 $
b1 4
b1 6
b1 >
b1 ?
b1 G
b1 H
b1 P
b1 Q
b1 Y
b1 *
0/
00
1.
1-
1+
1,
b0 1
b111010100100 &
b100 %
#938000
0F
b100 !
b100 5
0X
b10 $
b10 4
b10 6
b10 >
b10 ?
b10 G
b10 H
b10 P
b10 Q
b10 Y
b10 *
0/
00
1.
1-
1+
1,
b1 1
b111010101000 &
b100 %
#939000
1=
b1 !
b1 5
0O
b11 $
b11 4
b11 6
b11 >
b11 ?
b11 G
b11 H
b11 P
b11 Q
b11 Y
b11 *
0/
00
1.
1-
1+
1,
b10 1
b111010101100 &
b100 %
#940000
1:
1;
0=
1F
b1010 !
b1010 5
1X
18
b0 $
b0 4
b0 6
b0 >
b0 ?
b0 G
b0 H
b0 P
b0 Q
b0 Y
b1011 #
b1011 3
b1011 )
b0 *
0/
00
1.
1-
1+
1,
b11 1
b111010110000 &
b100 %
#941000
1=
b1111 !
b1111 5
1O
b1 $
b1 4
b1 6
b1 >
b1 ?
b1 G
b1 H
b1 P
b1 Q
b1 Y
b1 *
1,
00
0/
1-
1+
b0 1
b111010110100 &
b100 %
#942000
0F
b101 !
b101 5
0X
b10 $
b10 4
b10 6
b10 >
b10 ?
b10 G
b10 H
b10 P
b10 Q
b10 Y
b10 *
1,
00
0/
1-
1+
b1 1
b111010111000 &
b100 %
#943000
b1 !
b1 5
0O
b11 $
b11 4
b11 6
b11 >
b11 ?
b11 G
b11 H
b11 P
b11 Q
b11 Y
b11 *
1,
00
0/
1-
1+
b10 1
b111010111100 &
b100 %
#944000
1O
0:
0;
0B
1D
1K
0M
0=
0F
b1100 !
b1100 5
1X
08
0A
1J
b0 $
b0 4
b0 6
b0 >
b0 ?
b0 G
b0 H
b0 P
b0 Q
b0 Y
b1100 #
b1100 3
b1100 )
b0 *
1,
00
0/
1-
1+
b11 1
b111011000000 &
b100 %
#945000
b1110 !
b1110 5
1F
b1 $
b1 4
b1 6
b1 >
b1 ?
b1 G
b1 H
b1 P
b1 Q
b1 Y
b1 *
0/
00
1.
1-
1+
1,
b0 1
b111011000100 &
b100 %
#946000
0O
b10 !
b10 5
0X
b10 $
b10 4
b10 6
b10 >
b10 ?
b10 G
b10 H
b10 P
b10 Q
b10 Y
b10 *
0/
00
1.
1-
1+
1,
b1 1
b111011001000 &
b100 %
#947000
1=
b1 !
b1 5
0F
b11 $
b11 4
b11 6
b11 >
b11 ?
b11 G
b11 H
b11 P
b11 Q
b11 Y
b11 *
0/
00
1.
1-
1+
1,
b10 1
b111011001100 &
b100 %
#948000
1:
1;
0=
1O
b1100 !
b1100 5
1X
18
b0 $
b0 4
b0 6
b0 >
b0 ?
b0 G
b0 H
b0 P
b0 Q
b0 Y
b1101 #
b1101 3
b1101 )
b0 *
0/
00
1.
1-
1+
1,
b11 1
b111011010000 &
b100 %
#949000
1=
b1111 !
b1111 5
1F
b1 $
b1 4
b1 6
b1 >
b1 ?
b1 G
b1 H
b1 P
b1 Q
b1 Y
b1 *
1,
00
0/
1-
1+
b0 1
b111011010100 &
b100 %
#950000
0O
b11 !
b11 5
0X
b10 $
b10 4
b10 6
b10 >
b10 ?
b10 G
b10 H
b10 P
b10 Q
b10 Y
b10 *
1,
00
0/
1-
1+
b1 1
b111011011000 &
b100 %
#951000
b1 !
b1 5
0F
b11 $
b11 4
b11 6
b11 >
b11 ?
b11 G
b11 H
b11 P
b11 Q
b11 Y
b11 *
1,
00
0/
1-
1+
b10 1
b111011011100 &
b100 %
#952000
1F
0:
0;
1B
0D
0=
1O
b1110 !
b1110 5
1X
08
1A
b0 $
b0 4
b0 6
b0 >
b0 ?
b0 G
b0 H
b0 P
b0 Q
b0 Y
b1110 #
b1110 3
b1110 )
b0 *
1,
00
0/
1-
1+
b11 1
b111011100000 &
b100 %
#953000
b1 $
b1 4
b1 6
b1 >
b1 ?
b1 G
b1 H
b1 P
b1 Q
b1 Y
b1 *
00
1.
1-
1+
1,
b0 1
b111011100100 &
b100 %
#954000
0F
0O
b0 !
b0 5
0X
b10 $
b10 4
b10 6
b10 >
b10 ?
b10 G
b10 H
b10 P
b10 Q
b10 Y
b10 *
00
1.
1-
1+
1,
b1 1
b111011101000 &
b100 %
#955000
b1 !
b1 5
1=
b11 $
b11 4
b11 6
b11 >
b11 ?
b11 G
b11 H
b11 P
b11 Q
b11 Y
b11 *
00
1.
1-
1+
1,
b10 1
b111011101100 &
b100 %
#956000
1:
1;
0=
1F
1O
b1110 !
b1110 5
1X
18
b0 $
b0 4
b0 6
b0 >
b0 ?
b0 G
b0 H
b0 P
b0 Q
b0 Y
b1111 #
b1111 3
b1111 )
b0 *
00
1.
1-
1+
1,
b11 1
b111011110000 &
b100 %
#957000
b1111 !
b1111 5
1=
b1 $
b1 4
b1 6
b1 >
b1 ?
b1 G
b1 H
b1 P
b1 Q
b1 Y
b1 *
00
0/
1-
1+
b0 1
b111011110100 &
b100 %
#958000
0F
0O
b1 !
b1 5
0X
b10 $
b10 4
b10 6
b10 >
b10 ?
b10 G
b10 H
b10 P
b10 Q
b10 Y
b10 *
00
0/
1-
1+
b1 1
b111011111000 &
b100 %
#959000
b11 $
b11 4
b11 6
b11 >
b11 ?
b11 G
b11 H
b11 P
b11 Q
b11 Y
b11 *
00
0/
1-
1+
b10 1
b111011111100 &
b100 %
#960000
0B
1D
0K
1M
0T
1V
0<
0=
0F
0O
b0 !
b0 5
0X
08
0A
0J
0S
17
b0 $
b0 4
b0 6
b0 >
b0 ?
b0 G
b0 H
b0 P
b0 Q
b0 Y
b0 #
b0 3
b1111 "
b1111 2
b1111 (
b0 )
b0 *
00
0/
1-
1+
b11 1
b111100000000 &
b100 %
#961000
1=
1F
1O
b1111 !
b1111 5
1X
b1 $
b1 4
b1 6
b1 >
b1 ?
b1 G
b1 H
b1 P
b1 Q
b1 Y
b1 *
1/
0-
0,
b0 1
b111100000100 &
b100 %
#962000
b10 $
b10 4
b10 6
b10 >
b10 ?
b10 G
b10 H
b10 P
b10 Q
b10 Y
b10 *
b1 1
b111100001000 &
b100 %
#963000
0=
0F
0O
b0 !
b0 5
0X
b11 $
b11 4
b11 6
b11 >
b11 ?
b11 G
b11 H
b11 P
b11 Q
b11 Y
b11 *
b10 1
b111100001100 &
b100 %
#964000
b1 !
b1 5
1=
19
0;
18
b0 $
b0 4
b0 6
b0 >
b0 ?
b0 G
b0 H
b0 P
b0 Q
b0 Y
b1 #
b1 3
b1 )
b0 *
b11 1
b111100010000 &
b100 %
#965000
1F
1O
b1111 !
b1111 5
1X
b1 $
b1 4
b1 6
b1 >
b1 ?
b1 G
b1 H
b1 P
b1 Q
b1 Y
b1 *
1/
0-
0,
b0 1
b111100010100 &
b100 %
#966000
b1110 !
b1110 5
0=
b10 $
b10 4
b10 6
b10 >
b10 ?
b10 G
b10 H
b10 P
b10 Q
b10 Y
b10 *
1/
0-
0,
b1 1
b111100011000 &
b100 %
#967000
0F
0O
b0 !
b0 5
0X
b11 $
b11 4
b11 6
b11 >
b11 ?
b11 G
b11 H
b11 P
b11 Q
b11 Y
b11 *
1/
0-
0,
b10 1
b111100011100 &
b100 %
#968000
1F
09
1;
1B
0D
b10 !
b10 5
0=
08
1A
b0 $
b0 4
b0 6
b0 >
b0 ?
b0 G
b0 H
b0 P
b0 Q
b0 Y
b10 #
b10 3
b10 )
b0 *
1/
0-
0,
b11 1
b111100100000 &
b100 %
#969000
1=
1O
b1111 !
b1111 5
1X
b1 $
b1 4
b1 6
b1 >
b1 ?
b1 G
b1 H
b1 P
b1 Q
b1 Y
b1 *
1/
0-
0,
b0 1
b111100100100 &
b100 %
#970000
b1101 !
b1101 5
0F
b10 $
b10 4
b10 6
b10 >
b10 ?
b10 G
b10 H
b10 P
b10 Q
b10 Y
b10 *
1/
0-
0,
b1 1
b111100101000 &
b100 %
#971000
0=
0O
b0 !
b0 5
0X
b11 $
b11 4
b11 6
b11 >
b11 ?
b11 G
b11 H
b11 P
b11 Q
b11 Y
b11 *
1/
0-
0,
b10 1
b111100101100 &
b100 %
#972000
1=
19
0;
b11 !
b11 5
1F
18
b0 $
b0 4
b0 6
b0 >
b0 ?
b0 G
b0 H
b0 P
b0 Q
b0 Y
b11 #
b11 3
b11 )
b0 *
1/
0-
0,
b11 1
b111100110000 &
b100 %
#973000
1O
b1111 !
b1111 5
1X
b1 $
b1 4
b1 6
b1 >
b1 ?
b1 G
b1 H
b1 P
b1 Q
b1 Y
b1 *
1/
0-
0,
b0 1
b111100110100 &
b100 %
#974000
0=
b1100 !
b1100 5
0F
b10 $
b10 4
b10 6
b10 >
b10 ?
b10 G
b10 H
b10 P
b10 Q
b10 Y
b10 *
1/
0-
0,
b1 1
b111100111000 &
b100 %
#975000
0O
b0 !
b0 5
0X
b11 $
b11 4
b11 6
b11 >
b11 ?
b11 G
b11 H
b11 P
b11 Q
b11 Y
b11 *
1/
0-
0,
b10 1
b111100111100 &
b100 %
#976000
1O
09
1;
0B
1D
1K
0M
0=
b100 !
b100 5
0F
08
0A
1J
b0 $
b0 4
b0 6
b0 >
b0 ?
b0 G
b0 H
b0 P
b0 Q
b0 Y
b100 #
b100 3
b100 )
b0 *
1/
0-
0,
b11 1
b111101000000 &
b100 %
#977000
1=
1F
b1111 !
b1111 5
1X
b1 $
b1 4
b1 6
b1 >
b1 ?
b1 G
b1 H
b1 P
b1 Q
b1 Y
b1 *
1/
0-
0,
b0 1
b111101000100 &
b100 %
#978000
b1011 !
b1011 5
0O
b10 $
b10 4
b10 6
b10 >
b10 ?
b10 G
b10 H
b10 P
b10 Q
b10 Y
b10 *
1/
0-
0,
b1 1
b111101001000 &
b100 %
#979000
0=
0F
b0 !
b0 5
0X
b11 $
b11 4
b11 6
b11 >
b11 ?
b11 G
b11 H
b11 P
b11 Q
b11 Y
b11 *
1/
0-
0,
b10 1
b111101001100 &
b100 %
#980000
1=
19
0;
b101 !
b101 5
1O
18
b0 $
b0 4
b0 6
b0 >
b0 ?
b0 G
b0 H
b0 P
b0 Q
b0 Y
b101 #
b101 3
b101 )
b0 *
1/
0-
0,
b11 1
b111101010000 &
b100 %
#981000
1F
b1111 !
b1111 5
1X
b1 $
b1 4
b1 6
b1 >
b1 ?
b1 G
b1 H
b1 P
b1 Q
b1 Y
b1 *
1/
0-
0,
b0 1
b111101010100 &
b100 %
#982000
0=
b1010 !
b1010 5
0O
b10 $
b10 4
b10 6
b10 >
b10 ?
b10 G
b10 H
b10 P
b10 Q
b10 Y
b10 *
1/
0-
0,
b1 1
b111101011000 &
b100 %
#983000
0F
b0 !
b0 5
0X
b11 $
b11 4
b11 6
b11 >
b11 ?
b11 G
b11 H
b11 P
b11 Q
b11 Y
b11 *
1/
0-
0,
b10 1
b111101011100 &
b100 %
#984000
1F
09
1;
1B
0D
0=
b110 !
b110 5
1O
08
1A
b0 $
b0 4
b0 6
b0 >
b0 ?
b0 G
b0 H
b0 P
b0 Q
b0 Y
b110 #
b110 3
b110 )
b0 *
1/
0-
0,
b11 1
b111101100000 &
b100 %
#985000
1=
b1111 !
b1111 5
1X
b1 $
b1 4
b1 6
b1 >
b1 ?
b1 G
b1 H
b1 P
b1 Q
b1 Y
b1 *
1/
0-
0,
b0 1
b111101100100 &
b100 %
#986000
0F
b1001 !
b1001 5
0O
b10 $
b10 4
b10 6
b10 >
b10 ?
b10 G
b10 H
b10 P
b10 Q
b10 Y
b10 *
1/
0-
0,
b1 1
b111101101000 &
b100 %
#987000
0=
b0 !
b0 5
0X
b11 $
b11 4
b11 6
b11 >
b11 ?
b11 G
b11 H
b11 P
b11 Q
b11 Y
b11 *
1/
0-
0,
b10 1
b111101101100 &
b100 %
#988000
1=
19
0;
1F
b111 !
b111 5
1O
18
b0 $
b0 4
b0 6
b0 >
b0 ?
b0 G
b0 H
b0 P
b0 Q
b0 Y
b111 #
b111 3
b111 )
b0 *
1/
0-
0,
b11 1
b111101110000 &
b100 %
#989000
b1111 !
b1111 5
1X
b1 $
b1 4
b1 6
b1 >
b1 ?
b1 G
b1 H
b1 P
b1 Q
b1 Y
b1 *
1/
0-
0,
b0 1
b111101110100 &
b100 %
#990000
0=
0F
b1000 !
b1000 5
0O
b10 $
b10 4
b10 6
b10 >
b10 ?
b10 G
b10 H
b10 P
b10 Q
b10 Y
b10 *
1/
0-
0,
b1 1
b111101111000 &
b100 %
#991000
b0 !
b0 5
0X
b11 $
b11 4
b11 6
b11 >
b11 ?
b11 G
b11 H
b11 P
b11 Q
b11 Y
b11 *
1/
0-
0,
b10 1
b111101111100 &
b100 %
#992000
1X
09
1;
0B
1D
0K
1M
1T
0V
0=
0F
b1000 !
b1000 5
0O
08
0A
0J
1S
b0 $
b0 4
b0 6
b0 >
b0 ?
b0 G
b0 H
b0 P
b0 Q
b0 Y
b1000 #
b1000 3
b1000 )
b0 *
1/
0-
0,
b11 1
b111110000000 &
b100 %
#993000
1=
1F
b1111 !
b1111 5
1O
b1 $
b1 4
b1 6
b1 >
b1 ?
b1 G
b1 H
b1 P
b1 Q
b1 Y
b1 *
0/
1-
1,
b0 1
b111110000100 &
b100 %
#994000
b111 !
b111 5
0X
b10 $
b10 4
b10 6
b10 >
b10 ?
b10 G
b10 H
b10 P
b10 Q
b10 Y
b10 *
0/
1-
1,
b1 1
b111110001000 &
b100 %
#995000
0=
0F
b0 !
b0 5
0O
b11 $
b11 4
b11 6
b11 >
b11 ?
b11 G
b11 H
b11 P
b11 Q
b11 Y
b11 *
0/
1-
1,
b10 1
b111110001100 &
b100 %
#996000
1=
19
0;
b1001 !
b1001 5
1X
18
b0 $
b0 4
b0 6
b0 >
b0 ?
b0 G
b0 H
b0 P
b0 Q
b0 Y
b1001 #
b1001 3
b1001 )
b0 *
0/
1-
1,
b11 1
b111110010000 &
b100 %
#997000
1F
b1111 !
b1111 5
1O
b1 $
b1 4
b1 6
b1 >
b1 ?
b1 G
b1 H
b1 P
b1 Q
b1 Y
b1 *
0/
1-
1,
b0 1
b111110010100 &
b100 %
#998000
0=
b110 !
b110 5
0X
b10 $
b10 4
b10 6
b10 >
b10 ?
b10 G
b10 H
b10 P
b10 Q
b10 Y
b10 *
0/
1-
1,
b1 1
b111110011000 &
b100 %
#999000
0F
b0 !
b0 5
0O
b11 $
b11 4
b11 6
b11 >
b11 ?
b11 G
b11 H
b11 P
b11 Q
b11 Y
b11 *
0/
1-
1,
b10 1
b111110011100 &
b100 %
#1000000
1F
09
1;
1B
0D
0=
b1010 !
b1010 5
1X
08
1A
b0 $
b0 4
b0 6
b0 >
b0 ?
b0 G
b0 H
b0 P
b0 Q
b0 Y
b1010 #
b1010 3
b1010 )
b0 *
0/
1-
1,
b11 1
b111110100000 &
b100 %
#1001000
1=
b1111 !
b1111 5
1O
b1 $
b1 4
b1 6
b1 >
b1 ?
b1 G
b1 H
b1 P
b1 Q
b1 Y
b1 *
0/
1-
1,
b0 1
b111110100100 &
b100 %
#1002000
0F
b101 !
b101 5
0X
b10 $
b10 4
b10 6
b10 >
b10 ?
b10 G
b10 H
b10 P
b10 Q
b10 Y
b10 *
0/
1-
1,
b1 1
b111110101000 &
b100 %
#1003000
0=
b0 !
b0 5
0O
b11 $
b11 4
b11 6
b11 >
b11 ?
b11 G
b11 H
b11 P
b11 Q
b11 Y
b11 *
0/
1-
1,
b10 1
b111110101100 &
b100 %
#1004000
1=
19
0;
1F
b1011 !
b1011 5
1X
18
b0 $
b0 4
b0 6
b0 >
b0 ?
b0 G
b0 H
b0 P
b0 Q
b0 Y
b1011 #
b1011 3
b1011 )
b0 *
0/
1-
1,
b11 1
b111110110000 &
b100 %
#1005000
b1111 !
b1111 5
1O
b1 $
b1 4
b1 6
b1 >
b1 ?
b1 G
b1 H
b1 P
b1 Q
b1 Y
b1 *
0/
1-
1,
b0 1
b111110110100 &
b100 %
#1006000
0=
0F
b100 !
b100 5
0X
b10 $
b10 4
b10 6
b10 >
b10 ?
b10 G
b10 H
b10 P
b10 Q
b10 Y
b10 *
0/
1-
1,
b1 1
b111110111000 &
b100 %
#1007000
b0 !
b0 5
0O
b11 $
b11 4
b11 6
b11 >
b11 ?
b11 G
b11 H
b11 P
b11 Q
b11 Y
b11 *
0/
1-
1,
b10 1
b111110111100 &
b100 %
#1008000
1O
09
1;
0B
1D
1K
0M
0=
0F
b1100 !
b1100 5
1X
08
0A
1J
b0 $
b0 4
b0 6
b0 >
b0 ?
b0 G
b0 H
b0 P
b0 Q
b0 Y
b1100 #
b1100 3
b1100 )
b0 *
0/
1-
1,
b11 1
b111111000000 &
b100 %
#1009000
1=
b1111 !
b1111 5
1F
b1 $
b1 4
b1 6
b1 >
b1 ?
b1 G
b1 H
b1 P
b1 Q
b1 Y
b1 *
0/
1-
1,
b0 1
b111111000100 &
b100 %
#1010000
0O
b11 !
b11 5
0X
b10 $
b10 4
b10 6
b10 >
b10 ?
b10 G
b10 H
b10 P
b10 Q
b10 Y
b10 *
0/
1-
1,
b1 1
b111111001000 &
b100 %
#1011000
0=
b0 !
b0 5
0F
b11 $
b11 4
b11 6
b11 >
b11 ?
b11 G
b11 H
b11 P
b11 Q
b11 Y
b11 *
0/
1-
1,
b10 1
b111111001100 &
b100 %
#1012000
1=
19
0;
1O
b1101 !
b1101 5
1X
18
b0 $
b0 4
b0 6
b0 >
b0 ?
b0 G
b0 H
b0 P
b0 Q
b0 Y
b1101 #
b1101 3
b1101 )
b0 *
0/
1-
1,
b11 1
b111111010000 &
b100 %
#1013000
b1111 !
b1111 5
1F
b1 $
b1 4
b1 6
b1 >
b1 ?
b1 G
b1 H
b1 P
b1 Q
b1 Y
b1 *
0/
1-
1,
b0 1
b111111010100 &
b100 %
#1014000
0=
0O
b10 !
b10 5
0X
b10 $
b10 4
b10 6
b10 >
b10 ?
b10 G
b10 H
b10 P
b10 Q
b10 Y
b10 *
0/
1-
1,
b1 1
b111111011000 &
b100 %
#1015000
b0 !
b0 5
0F
b11 $
b11 4
b11 6
b11 >
b11 ?
b11 G
b11 H
b11 P
b11 Q
b11 Y
b11 *
0/
1-
1,
b10 1
b111111011100 &
b100 %
#1016000
1F
09
1;
1B
0D
0=
1O
b1110 !
b1110 5
1X
08
1A
b0 $
b0 4
b0 6
b0 >
b0 ?
b0 G
b0 H
b0 P
b0 Q
b0 Y
b1110 #
b1110 3
b1110 )
b0 *
0/
1-
1,
b11 1
b111111100000 &
b100 %
#1017000
b1111 !
b1111 5
1=
b1 $
b1 4
b1 6
b1 >
b1 ?
b1 G
b1 H
b1 P
b1 Q
b1 Y
b1 *
0/
1-
1,
b0 1
b111111100100 &
b100 %
#1018000
0F
0O
b1 !
b1 5
0X
b10 $
b10 4
b10 6
b10 >
b10 ?
b10 G
b10 H
b10 P
b10 Q
b10 Y
b10 *
0/
1-
1,
b1 1
b111111101000 &
b100 %
#1019000
b0 !
b0 5
0=
b11 $
b11 4
b11 6
b11 >
b11 ?
b11 G
b11 H
b11 P
b11 Q
b11 Y
b11 *
0/
1-
1,
b10 1
b111111101100 &
b100 %
#1020000
1=
19
0;
1F
1O
b1111 !
b1111 5
1X
18
b0 $
b0 4
b0 6
b0 >
b0 ?
b0 G
b0 H
b0 P
b0 Q
b0 Y
b1111 #
b1111 3
b1111 )
b0 *
0/
1-
1,
b11 1
b111111110000 &
b100 %
#1021000
b1 $
b1 4
b1 6
b1 >
b1 ?
b1 G
b1 H
b1 P
b1 Q
b1 Y
b1 *
b0 1
b111111110100 &
b100 %
#1022000
0=
0F
0O
b0 !
b0 5
0X
b10 $
b10 4
b10 6
b10 >
b10 ?
b10 G
b10 H
b10 P
b10 Q
b10 Y
b10 *
b1 1
b111111111000 &
b100 %
#1023000
b11 $
b11 4
b11 6
b11 >
b11 ?
b11 G
b11 H
b11 P
b11 Q
b11 Y
b11 *
b10 1
b111111111100 &
b100 %
#1024000
b10000 (
b10000 )
b100 *
b11 1
b1000000000000 &
b100 %
